municipio,julgados_2026,Meta1,Meta2A,Meta2Ant,Meta4A,Meta4B
BRASILÉIA,4.0,133.33,0.0,0,0,0
CRUZEIRO DO SUL,9.0,100.0,0.0,0,0,0
FEIJO,0.0,0,0.0,0,0,0
RIO BRANCO,25.0,80.65,0.0,0,0,0
SENA MADUREIRA,3.0,300.0,0.0,0,0,0
SENADOR GUIOMARD,0.0,0.0,0.0,0,0,0
TARAUACA,1.0,7.14,0.0,0,0,0
XAPURI,0.0,0,0.0,0,0,0
ARAPIRACA,0.0,0.0,0.0,0,0,0
ATALAIA,0.0,0.0,0.0,0,0,0
BATALHA,0.0,0.0,0.0,0,0,0
BOCA DA MATA,3.0,37.5,0.0,0,0,0
CACIMBINHAS,1.0,4.55,0.0,0,0,0
CAMPO ALEGRE,1.0,25.0,0.0,0,0,0
CORURIPE,0.0,0.0,0.0,0,0,0
DELMIRO GOUVEIA,0.0,0.0,0.0,0,0,0
GIRAU DO PONCIANO,0.0,0,0.0,0,0,0
IGACI,0.0,0,0.0,0,0,0
JOAQUIM GOMES,0.0,0,0.0,0,0,0
MACEIO,33.0,53.23,0.0,0,0,0
MAJOR ISIDORO,0.0,0,0.0,0,0,0
MARAVILHA,1.0,9.09,0.0,0,0,0
MARECHAL DEODORO,0.0,0.0,0.0,0,0,0
MATA GRANDE,0.0,0,0.0,0,0,0
MURICI,1.0,5.0,0.0,0,0,0
PALMEIRA DOS INDIOS,0.0,0.0,0.0,0,0,0
PAO DE ACUCAR,3.0,50.0,0.0,0,0,0
PASSO DE CAMARAGIBE,1.0,4.17,0.0,0,0,0
PENEDO,8.0,36.36,0.0,0,0,0
PILAR,5.0,14.29,0.0,0,0,0
PORTO CALVO,0.0,0.0,0.0,0,0,0
PORTO REAL DO COLEGIO,3.0,9.68,0.0,0,0,0
QUEBRANGULO,0.0,0,0.0,0,0,0
RIO LARGO,0.0,0,0.0,0,0,0
SANTANA DO IPANEMA,0.0,0.0,0.0,0,0,0
SAO JOSE DA LAJE,0.0,0.0,0.0,0,0,0
SAO JOSE DA TAPERA,0.0,0.0,0.0,0,0,0
SAO LUIS DO QUITUNDE,13.0,68.42,0.0,0,0,0
SAO MIGUEL DOS CAMPOS,1.0,100.0,0.0,0,0,0
SAO SEBASTIAO,3.0,20.0,0.0,0,0,0
TEOTONIO VILELA,0.0,0.0,0.0,0,0,0
TRAIPU,0.0,0.0,0.0,0,0,0
UNIAO DOS PALMARES,1.0,4.76,0.0,0,0,0
VICOSA,22.0,41.51,0.0,0,0,0
ÁGUA BRANCA,4.0,57.14,0.0,0,0,0
,0.0,0,0.0,0,0,0
ALVARAES,7.0,63.64,0.0,0,0,0
ANORI,1.0,14.29,0.0,0,0,0
APUI,0.0,0.0,0.0,0,0,0
ATALAIA DO NORTE,4.0,40.0,0.0,0,0,0
AUTAZES,12.0,41.38,0.0,0,0,0
BARCELOS,0.0,0.0,0.0,0,0,0
BARREIRINHA,7.0,43.75,0.0,0,0,0
BENJAMIN CONSTANT,2.0,15.38,0.0,0,0,0
BERURI,0.0,0.0,0.0,0,0,0
BOCA DO ACRE,0.0,0.0,0.0,0,0,0
BORBA,2.0,50.0,0.0,0,0,0
CANUTAMA,0.0,0.0,0.0,0,0,0
CARAUARI,1.0,50.0,0.0,0,0,0
CAREIRO,14.0,51.85,0.0,0,0,0
COARI,0.0,0.0,0.0,0,0,0
CODAJAS,1.0,20.0,0.0,0,0,0
EIRUNEPE,1.0,20.0,0.0,0,0,0
ENVIRA,4.0,133.33,0.0,0,0,0
FONTE BOA,9.0,75.0,0.0,0,0,0
HUMAITA,8.0,61.54,0.0,0,0,0
IPIXUNA,2.0,25.0,0.0,0,0,0
IRANDUBA,4.0,23.53,0.0,0,0,0
ITACOATIARA,32.0,88.89,0.0,0,0,0
ITAMARATI,0.0,0,0.0,0,0,0
ITAPIRANGA,1.0,10.0,0.0,0,0,0
JAPURA,0.0,0,0.0,0,0,0
JURUA,2.0,66.67,0.0,0,0,0
JUTAI,0.0,0.0,0.0,0,0,0
LABREA,0.0,0.0,0.0,0,0,0
MANACAPURU,16.0,100.0,0.0,0,0,0
MANAUS,52.0,73.24,0.0,0,0,0
MANICORE,0.0,0.0,0.0,0,0,0
MARAÃ,1.0,0,0.0,0,0,0
MAUES,13.0,72.22,0.0,0,0,0
NHAMUNDA,2.0,18.18,0.0,0,0,0
NOVO AIRAO,1.0,20.0,0.0,0,0,0
NOVO ARIPUANA,3.0,33.33,0.0,0,0,0
PARINTINS,6.0,66.67,0.0,0,0,0
PAUINI,0.0,0.0,0.0,0,0,0
PRESIDENTE FIGUEIREDO,4.0,100.0,0.0,0,0,0
SANTA ISABEL DO RIO NEGRO,3.0,150.0,0.0,0,0,0
SANTO ANTONIO DO ICA,1.0,14.29,0.0,0,0,0
SAO GABRIEL DA CACHOEIRA,5.0,125.0,0.0,0,0,0
SAO PAULO DE OLIVENCA,6.0,46.15,0.0,0,0,0
TABATINGA,29.0,181.25,0.0,0,0,0
TAPAUÁ,6.0,33.33,0.0,0,0,0
TEFÉ,14.0,77.78,0.0,0,0,0
URUCARA,5.0,35.71,0.0,0,0,0
AMAPÁ,0.0,0,0.0,0,0,0
LARANJAL DO JARI,0.0,0,0.0,0,0,0
MACAPA,15.0,46.88,0.0,0,0,0
MAZAGAO,2.0,100.0,0.0,0,0,0
OIAPOQUE,0.0,0,0.0,0,0,0
PORTO GRANDE,0.0,0.0,0.0,0,0,0
SANTANA,6.0,150.0,0.0,0,0,0
SERRA DO NAVIO,0.0,0,0.0,0,0,0
TARTARUGALZINHO,0.0,0,0.0,0,0,0
ALAGOINHAS,0.0,0.0,0.0,0,0,0
AMARGOSA,0.0,0.0,0.0,0,0,0
ANAGE,0.0,0.0,0.0,0,0,0
ANDARAI,0.0,0.0,0.0,0,0,0
ARACI,0.0,0,0.0,0,0,0
BAIANÓPOLIS,2.0,200.0,0.0,0,0,0
BARRA DA ESTIVA,0.0,0.0,0.0,0,0,0
BARRA DO CHOCA,0.0,0,0.0,0,0,0
BARRA DO MENDES,2.0,0,0.0,0,0,0
BARREIRAS,1.0,0,0.0,0,0,0
BELMONTE,1.0,100.0,0.0,0,0,0
BOM JESUS DA LAPA,0.0,0.0,0.0,0,0,0
BRUMADO,0.0,0,0.0,0,0,0
BUERAREMA,3.0,0,0.0,0,0,0
CACHOEIRA,9.0,180.0,0.0,0,0,0
CACULE,3.0,50.0,0.0,0,0,0
CAETITE,0.0,0,0.0,0,0,0
CAMACAN,0.0,0.0,0.0,0,0,0
CAMACARI,3.0,60.0,0.0,0,0,0
CAMAMU,0.0,0,0.0,0,0,0
CAMPO FORMOSO,0.0,0,0.0,0,0,0
CANARANA,0.0,0.0,0.0,0,0,0
CANAVIEIRAS,2.0,0,0.0,0,0,0
CANDEIAS,1.0,10.0,0.0,0,0,0
CAPIM GROSSO,6.0,75.0,0.0,0,0,0
CARINHANHA,0.0,0.0,0.0,0,0,0
CASA NOVA,0.0,0,0.0,0,0,0
CASTRO ALVES,2.0,0,0.0,0,0,0
CATU,3.0,75.0,0.0,0,0,0
CENTRAL,0.0,0.0,0.0,0,0,0
CHORROCHO,2.0,200.0,0.0,0,0,0
CICERO DANTAS,3.0,300.0,0.0,0,0,0
COARACI,7.0,175.0,0.0,0,0,0
CONCEICAO DO COITE,0.0,0.0,0.0,0,0,0
CONCEICAO DO JACUIPE,5.0,100.0,0.0,0,0,0
CONDEUBA,0.0,0.0,0.0,0,0,0
CORACAO DE MARIA,3.0,300.0,0.0,0,0,0
CORIBE,1.0,0,0.0,0,0,0
CORRENTINA,0.0,0.0,0.0,0,0,0
COTEGIPE,1.0,100.0,0.0,0,0,0
CRUZ DAS ALMAS,0.0,0.0,0.0,0,0,0
CURACA,0.0,0.0,0.0,0,0,0
DIAS DAVILA,0.0,0,0.0,0,0,0
ENCRUZILHADA,0.0,0,0.0,0,0,0
ENTRE RIOS,0.0,0.0,0.0,0,0,0
ESPLANADA,2.0,0,0.0,0,0,0
EUCLIDES DA CUNHA,1.0,100.0,0.0,0,0,0
EUNAPOLIS,1.0,6.67,0.0,0,0,0
FEIRA DE SANTANA,10.0,200.0,0.0,0,0,0
FORMOSA DO RIO PRETO,0.0,0,0.0,0,0,0
GANDU,0.0,0.0,0.0,0,0,0
GUANAMBI,0.0,0.0,0.0,0,0,0
IACU,0.0,0,0.0,0,0,0
IBICARAI,1.0,50.0,0.0,0,0,0
IBOTIRAMA,1.0,0,0.0,0,0,0
IGAPORA,2.0,100.0,0.0,0,0,0
IGUAI,0.0,0.0,0.0,0,0,0
ILHEUS,1.0,100.0,0.0,0,0,0
INHAMBUPE,1.0,100.0,0.0,0,0,0
IPIAU,4.0,80.0,0.0,0,0,0
IPIRA,2.0,100.0,0.0,0,0,0
IRARA,4.0,23.53,0.0,0,0,0
IRECE,0.0,0.0,0.0,0,0,0
ITABELA,0.0,0.0,0.0,0,0,0
ITABERABA,2.0,66.67,0.0,0,0,0
ITABUNA,5.0,250.0,0.0,0,0,0
ITAGIBA,4.0,200.0,0.0,0,0,0
ITAJUIPE,0.0,0,0.0,0,0,0
ITAMARAJU,0.0,0.0,0.0,0,0,0
ITAMBE,17.0,100.0,0.0,0,0,0
ITANHEM,0.0,0.0,0.0,0,0,0
ITAPETINGA,0.0,0.0,0.0,0,0,0
ITARANTIM,6.0,300.0,0.0,0,0,0
ITIUBA,2.0,200.0,0.0,0,0,0
ITUACU,0.0,0.0,0.0,0,0,0
ITUBERA,0.0,0.0,0.0,0,0,0
JACARACI,0.0,0,0.0,0,0,0
JACOBINA,3.0,75.0,0.0,0,0,0
JAGUAQUARA,2.0,40.0,0.0,0,0,0
JAGUARARI,0.0,0.0,0.0,0,0,0
JEQUIE,2.0,22.22,0.0,0,0,0
JEREMOABO,1.0,0,0.0,0,0,0
JUAZEIRO,3.0,100.0,0.0,0,0,0
LAPAO,0.0,0.0,0.0,0,0,0
LAURO DE FREITAS,4.0,200.0,0.0,0,0,0
LENCOIS,0.0,0.0,0.0,0,0,0
LIVRAMENTO DE NOSSA SENHORA,1.0,11.11,0.0,0,0,0
LUIS EDUARDO MAGALHÃES,2.0,100.0,0.0,0,0,0
MACARANI,3.0,300.0,0.0,0,0,0
MACAUBAS,5.0,83.33,0.0,0,0,0
MARACAS,2.0,0,0.0,0,0,0
MATA DE SAO JOAO,0.0,0,0.0,0,0,0
MEDEIROS NETO,3.0,75.0,0.0,0,0,0
MONTE SANTO,0.0,0,0.0,0,0,0
MORRO DO CHAPEU,5.0,0,0.0,0,0,0
MUCURI,0.0,0.0,0.0,0,0,0
MUNDO NOVO,0.0,0,0.0,0,0,0
MURITIBA,0.0,0,0.0,0,0,0
MUTUIPE,0.0,0.0,0.0,0,0,0
NAZARE,0.0,0,0.0,0,0,0
NOVA SOURE,9.0,450.0,0.0,0,0,0
OLINDINA,2.0,40.0,0.0,0,0,0
PALMAS DE MONTE ALTO,0.0,0.0,0.0,0,0,0
PARAMIRIM,5.0,0,0.0,0,0,0
PARIPIRANGA,0.0,0,0.0,0,0,0
PAULO AFONSO,1.0,50.0,0.0,0,0,0
PIATA,0.0,0,0.0,0,0,0
POCOES,9.0,900.0,0.0,0,0,0
PORTO SEGURO,0.0,0.0,0.0,0,0,0
PRADO,3.0,0,0.0,0,0,0
QUEIMADAS,12.0,92.31,0.0,0,0,0
REMANSO,1.0,100.0,0.0,0,0,0
RETIROLANDIA,0.0,0,0.0,0,0,0
RIACHAO DO JACUIPE,1.0,50.0,0.0,0,0,0
RIACHO DE SANTANA,0.0,0.0,0.0,0,0,0
RIBEIRA DO POMBAL,2.0,100.0,0.0,0,0,0
RIO REAL,0.0,0.0,0.0,0,0,0
RUY BARBOSA,2.0,66.67,0.0,0,0,0
SALVADOR,96.0,126.32,0.0,0,0,0
SANTA BARBARA,4.0,57.14,0.0,0,0,0
SANTA RITA DE CASSIA,0.0,0,0.0,0,0,0
SANTO AMARO,4.0,133.33,0.0,0,0,0
SANTO ANTONIO DE JESUS,0.0,0.0,0.0,0,0,0
SANTO ESTEVAO,1.0,33.33,0.0,0,0,0
SAO DESIDERIO,0.0,0,0.0,0,0,0
SAO FELIPE,2.0,33.33,0.0,0,0,0
SAO FRANCISCO DO CONDE,0.0,0.0,0.0,0,0,0
SAO SEBASTIAO DO PASSE,1.0,8.33,0.0,0,0,0
SAUDE,0.0,0,0.0,0,0,0
SEABRA,0.0,0.0,0.0,0,0,0
SENHOR DO BONFIM,7.0,116.67,0.0,0,0,0
SENTO SE,0.0,0,0.0,0,0,0
SERRA DOURADA,3.0,150.0,0.0,0,0,0
SERRINHA,1.0,0,0.0,0,0,0
SIMOES FILHO,0.0,0.0,0.0,0,0,0
TEIXEIRA DE FREITAS,20.0,83.33,0.0,0,0,0
TREMEDAL,0.0,0.0,0.0,0,0,0
TUCANO,1.0,100.0,0.0,0,0,0
UAUA,0.0,0.0,0.0,0,0,0
UBAIRA,0.0,0,0.0,0,0,0
UBAITABA,2.0,33.33,0.0,0,0,0
UBATA,6.0,600.0,0.0,0,0,0
URANDI,1.0,50.0,0.0,0,0,0
URUCUCA,2.0,66.67,0.0,0,0,0
UTINGA,3.0,0,0.0,0,0,0
VALENCA,7.0,14.29,0.0,0,0,0
VITORIA DA CONQUISTA,3.0,30.0,0.0,0,0,0
WENCESLAU GUIMARAES,0.0,0,0.0,0,0,0
XIQUE-XIQUE,0.0,0,0.0,0,0,0
BARRA,4.0,0,0.0,0,0,0
ITAPARICA,0.0,0.0,0.0,0,0,0
ITORORO,0.0,0.0,0.0,0,0,0
JOAO DOURADO,0.0,0.0,0.0,0,0,0
MAIRI,0.0,0,0.0,0,0,0
MIGUEL CALMON,0.0,0.0,0.0,0,0,0
OLIVEIRA DOS BREJINHOS,2.0,8.7,0.0,0,0,0
PILAO ARCADO,1.0,0,0.0,0,0,0
POJUCA,0.0,0.0,0.0,0,0,0
RIACHAO DAS NEVES,0.0,0.0,0.0,0,0,0
SANTA MARIA DA VITORIA,0.0,0,0.0,0,0,0
SANTA TEREZINHA,5.0,250.0,0.0,0,0,0
SANTALUZ,0.0,0,0.0,0,0,0
SAO GONCALO DOS CAMPOS,0.0,0.0,0.0,0,0,0
VALENTE,2.0,66.67,0.0,0,0,0
ACARAÚ,0.0,0,0.0,0,0,0
ACOPIARA,0.0,0.0,0.0,0,0,0
AIUABA,0.0,0,0.0,0,0,0
ALTO SANTO,0.0,0.0,0.0,0,0,0
AMONTADA,0.0,0,0.0,0,0,0
AQUIRAZ,0.0,0.0,0.0,0,0,0
ARACATI,4.0,0,0.0,0,0,0
ARACOIABA,1.0,33.33,0.0,0,0,0
ARARIPE,2.0,0,0.0,0,0,0
ASSARE,0.0,0,0.0,0,0,0
AURORA,1.0,50.0,0.0,0,0,0
BARBALHA,1.0,100.0,0.0,0,0,0
BARRO,3.0,300.0,0.0,0,0,0
BATURITE,0.0,0.0,0.0,0,0,0
BEBERIBE,0.0,0,0.0,0,0,0
BELA CRUZ,0.0,0,0.0,0,0,0
BOA VIAGEM,0.0,0,0.0,0,0,0
BREJO SANTO,0.0,0.0,0.0,0,0,0
CAMOCIM,0.0,0,0.0,0,0,0
CAMPOS SALES,1.0,0,0.0,0,0,0
CANINDE,0.0,0.0,0.0,0,0,0
CAPISTRANO,1.0,25.0,0.0,0,0,0
CARIDADE,0.0,0,0.0,0,0,0
CARIRE,0.0,0,0.0,0,0,0
CARIRIACU,0.0,0,0.0,0,0,0
CASCAVEL,2.0,25.0,0.0,0,0,0
CAUCAIA,1.0,100.0,0.0,0,0,0
CHAVAL,0.0,0,0.0,0,0,0
COREAÚ,0.0,0,0.0,0,0,0
CRATEUS,0.0,0,0.0,0,0,0
CRATO,0.0,0.0,0.0,0,0,0
EUSEBIO,0.0,0,0.0,0,0,0
FORTALEZA,29.0,60.42,0.0,0,0,0
GRANJA,1.0,0,0.0,0,0,0
GUARACIABA DO NORTE,1.0,0,0.0,0,0,0
HORIZONTE,0.0,0.0,0.0,0,0,0
IBIAPINA,3.0,0,0.0,0,0,0
ICO,0.0,0,0.0,0,0,0
IGUATU,0.0,0.0,0.0,0,0,0
INDEPENDENCIA,0.0,0,0.0,0,0,0
IPU,4.0,57.14,0.0,0,0,0
IPUEIRAS,0.0,0.0,0.0,0,0,0
ITAPAGE,27.0,1350.0,0.0,0,0,0
ITAPIPOCA,0.0,0.0,0.0,0,0,0
ITAREMA,1.0,0,0.0,0,0,0
JAGUARETAMA,0.0,0,0.0,0,0,0
JAGUARIBE,1.0,0,0.0,0,0,0
JAGUARUANA,0.0,0.0,0.0,0,0,0
JUAZEIRO DO NORTE,1.0,0,0.0,0,0,0
JUCAS,0.0,0.0,0.0,0,0,0
LAVRAS DA MANGABEIRA,3.0,0,0.0,0,0,0
LIMOEIRO DO NORTE,0.0,0,0.0,0,0,0
MARACANAU,0.0,0,0.0,0,0,0
MARANGUAPE,2.0,200.0,0.0,0,0,0
MASSAPE,1.0,33.33,0.0,0,0,0
MAURITI,0.0,0,0.0,0,0,0
MILAGRES,0.0,0.0,0.0,0,0,0
MISSAO VELHA,0.0,0.0,0.0,0,0,0
MOMBACA,1.0,0,0.0,0,0,0
MORADA NOVA,0.0,0,0.0,0,0,0
NOVA OLINDA,0.0,0,0.0,0,0,0
NOVA RUSSAS,0.0,0,0.0,0,0,0
NOVO ORIENTE,0.0,0,0.0,0,0,0
PACAJUS,0.0,0,0.0,0,0,0
PACATUBA,0.0,0.0,0.0,0,0,0
PARACURU,0.0,0,0.0,0,0,0
PEDRA BRANCA,0.0,0,0.0,0,0,0
PENTECOSTE,3.0,150.0,0.0,0,0,0
QUIXADA,4.0,36.36,0.0,0,0,0
QUIXERAMOBIM,1.0,0,0.0,0,0,0
REDENCAO,1.0,8.33,0.0,0,0,0
RERIUTABA,4.0,400.0,0.0,0,0,0
RUSSAS,0.0,0,0.0,0,0,0
SANTA QUITERIA,0.0,0.0,0.0,0,0,0
SANTANA DO ACARAU,0.0,0,0.0,0,0,0
SAO BENEDITO,0.0,0,0.0,0,0,0
SAO GONCALO DO AMARANTE,3.0,10.71,0.0,0,0,0
SENADOR POMPEU,0.0,0.0,0.0,0,0,0
SOBRAL,4.0,400.0,0.0,0,0,0
SOLONOPOLE,0.0,0,0.0,0,0,0
TABULEIRO DO NORTE,0.0,0,0.0,0,0,0
TAUA,0.0,0,0.0,0,0,0
TIANGUA,0.0,0,0.0,0,0,0
TRAIRI,0.0,0,0.0,0,0,0
URUBURETAMA,0.0,0,0.0,0,0,0
VARZEA ALEGRE,0.0,0.0,0.0,0,0,0
TAMBORIL,1.0,100.0,0.0,0,0,0
VICOSA DO CEARA,0.0,0,0.0,0,0,0
BRASÍLIA,7.0,18.42,0.0,0,0,0
CEILANDIA,0.0,0,0.0,0,0,0
CRUZEIRO,3.0,30.0,0.0,0,0,0
GAMA,0.0,0,0.0,0,0,0
GUARA,0.0,0,0.0,0,0,0
LAGO SUL,0.0,0,0.0,0,0,0
NÚCLEO BANDEIRANTE,0.0,0,0.0,0,0,0
PARANOÁ,0.0,0,0.0,0,0,0
PLANALTINA,1.0,33.33,0.0,0,0,0
RECANTO DAS EMAS,0.0,0,0.0,0,0,0
SAMAMBAIA,0.0,0,0.0,0,0,0
SANTA MARIA,4.0,57.14,0.0,0,0,0
SOBRADINHO,5.0,55.56,0.0,0,0,0
TAGUATINGA,2.0,66.67,0.0,0,0,0
ÁGUAS CLARAS,0.0,0,0.0,0,0,0
AFONSO CLAUDIO,6.0,600.0,0.0,0,0,0
ALEGRE,2.0,0,0.0,0,0,0
ALFREDO CHAVES,3.0,0,0.0,0,0,0
ANCHIETA,6.0,60.0,0.0,0,0,0
ARACRUZ,3.0,14.29,0.0,0,0,0
BAIXO GUANDU,9.0,225.0,0.0,0,0,0
BARRA DE SAO FRANCISCO,5.0,22.73,0.0,0,0,0
BOM JESUS DO NORTE,0.0,0.0,0.0,0,0,0
CACHOEIRO DE ITAPEMIRIM,8.0,400.0,0.0,0,0,0
CARIACICA,3.0,25.0,0.0,0,0,0
CASTELO,0.0,0,0.0,0,0,0
COLATINA,6.0,600.0,0.0,0,0,0
CONCEICAO DA BARRA,0.0,0.0,0.0,0,0,0
DOMINGOS MARTINS,1.0,0,0.0,0,0,0
GUACUI,4.0,66.67,0.0,0,0,0
GUARAPARI,8.0,133.33,0.0,0,0,0
IBATIBA,2.0,100.0,0.0,0,0,0
IBIRACU,0.0,0.0,0.0,0,0,0
ICONHA,15.0,750.0,0.0,0,0,0
ITAGUACU,1.0,100.0,0.0,0,0,0
ITAPEMIRIM,0.0,0,0.0,0,0,0
IUNA,3.0,0,0.0,0,0,0
JAGUARE,7.0,0,0.0,0,0,0
LINHARES,7.0,0,0.0,0,0,0
MARATAIZES,3.0,300.0,0.0,0,0,0
MIMOSO DO SUL,13.0,1300.0,0.0,0,0,0
MONTANHA,3.0,150.0,0.0,0,0,0
MUNIZ FREIRE,0.0,0,0.0,0,0,0
NOVA VENECIA,0.0,0.0,0.0,0,0,0
PANCAS,19.0,1900.0,0.0,0,0,0
PINHEIROS,0.0,0.0,0.0,0,0,0
RIO BANANAL,6.0,600.0,0.0,0,0,0
SANTA LEOPOLDINA,25.0,113.64,0.0,0,0,0
SANTA TERESA,0.0,0,0.0,0,0,0
SAO GABRIEL DA PALHA,5.0,62.5,0.0,0,0,0
SAO MATEUS,11.0,0,0.0,0,0,0
SERRA,9.0,39.13,0.0,0,0,0
VENDA NOVA DO IMIGRANTE,1.0,4.17,0.0,0,0,0
VIANA,2.0,0,0.0,0,0,0
VILA VELHA,4.0,0,0.0,0,0,0
VITORIA,31.0,51.67,0.0,0,0,0
ÁGUIA BRANCA,13.0,1300.0,0.0,0,0,0
ECOPORANGA,0.0,0.0,0.0,0,0,0
ACREÚNA,0.0,0.0,0.0,0,0,0
AGUAS LINDAS DE GOIAS,3.0,75.0,0.0,0,0,0
ALEXÂNIA,3.0,60.0,0.0,0,0,0
ALTO PARAISO DE GOIAS,0.0,0.0,0.0,0,0,0
ALVORADA DO NORTE,6.0,120.0,0.0,0,0,0
ANAPOLIS,6.0,75.0,0.0,0,0,0
ANICUNS,1.0,6.25,0.0,0,0,0
APARECIDA DE GOIANIA,5.0,50.0,0.0,0,0,0
ARAGARCAS,0.0,0,0.0,0,0,0
BELA VISTA DE GOIAS,0.0,0,0.0,0,0,0
BOM JESUS DE GOIAS,0.0,0,0.0,0,0,0
BURITI ALEGRE,0.0,0.0,0.0,0,0,0
CACHOEIRA ALTA,0.0,0.0,0.0,0,0,0
CACU,0.0,0.0,0.0,0,0,0
CAIAPONIA,3.0,100.0,0.0,0,0,0
CALDAS NOVAS,3.0,33.33,0.0,0,0,0
CAMPOS BELOS,0.0,0.0,0.0,0,0,0
CATALAO,0.0,0.0,0.0,0,0,0
CAVALCANTE,3.0,60.0,0.0,0,0,0
CERES,0.0,0.0,0.0,0,0,0
CIDADE OCIDENTAL,2.0,100.0,0.0,0,0,0
CRISTALINA,2.0,66.67,0.0,0,0,0
CRIXAS,13.0,162.5,0.0,0,0,0
EDEIA,6.0,85.71,0.0,0,0,0
FAZENDA NOVA,1.0,7.69,0.0,0,0,0
FIRMINOPOLIS,2.0,18.18,0.0,0,0,0
FORMOSA,4.0,133.33,0.0,0,0,0
FORMOSO,4.0,50.0,0.0,0,0,0
GOIANESIA,1.0,7.69,0.0,0,0,0
GOIANIA,49.0,79.03,0.0,0,0,0
GOIANIRA,6.0,120.0,0.0,0,0,0
GOIATUBA,0.0,0,0.0,0,0,0
GOIÁS,0.0,0.0,0.0,0,0,0
GUAPO,0.0,0.0,0.0,0,0,0
INHUMAS,0.0,0.0,0.0,0,0,0
IPAMERI,0.0,0.0,0.0,0,0,0
IPORA,12.0,100.0,0.0,0,0,0
ITABERAI,2.0,11.76,0.0,0,0,0
ITAJA,1.0,50.0,0.0,0,0,0
ITAPACI,2.0,33.33,0.0,0,0,0
ITAPURANGA,20.0,142.86,0.0,0,0,0
ITAUCU,0.0,0.0,0.0,0,0,0
ITUMBIARA,2.0,200.0,0.0,0,0,0
JARAGUA,0.0,0.0,0.0,0,0,0
JATAI,4.0,80.0,0.0,0,0,0
JUSSARA,1.0,14.29,0.0,0,0,0
LUZIANIA,1.0,20.0,0.0,0,0,0
MARA ROSA,0.0,0.0,0.0,0,0,0
MINACU,7.0,350.0,0.0,0,0,0
MINEIROS,3.0,75.0,0.0,0,0,0
MORRINHOS,1.0,0,0.0,0,0,0
MOZARLANDIA,1.0,100.0,0.0,0,0,0
NEROPOLIS,3.0,150.0,0.0,0,0,0
NIQUELANDIA,0.0,0,0.0,0,0,0
NOVO GAMA,0.0,0,0.0,0,0,0
PADRE BERNARDO,5.0,33.33,0.0,0,0,0
PALMEIRAS DE GOIAS,20.0,1000.0,0.0,0,0,0
PARAUNA,0.0,0,0.0,0,0,0
PIRACANJUBA,2.0,28.57,0.0,0,0,0
PIRANHAS,0.0,0.0,0.0,0,0,0
PIRENOPOLIS,0.0,0,0.0,0,0,0
PIRES DO RIO,8.0,100.0,0.0,0,0,0
PONTALINA,4.0,57.14,0.0,0,0,0
PORANGATU,0.0,0.0,0.0,0,0,0
POSSE,0.0,0,0.0,0,0,0
QUIRINOPOLIS,14.0,70.0,0.0,0,0,0
RIO VERDE,0.0,0.0,0.0,0,0,0
RUBIATABA,10.0,55.56,0.0,0,0,0
SANTA HELENA DE GOIAS,9.0,69.23,0.0,0,0,0
SANTO ANTONIO DO DESCOBERTO,3.0,42.86,0.0,0,0,0
SAO DOMINGOS,0.0,0,0.0,0,0,0
SAO LUIS DE MONTES BELOS,4.0,28.57,0.0,0,0,0
SAO MIGUEL DO ARAGUAIA,0.0,0.0,0.0,0,0,0
SENADOR CANEDO,1.0,11.11,0.0,0,0,0
SILVANIA,0.0,0.0,0.0,0,0,0
TRINDADE,1.0,16.67,0.0,0,0,0
URUACU,9.0,225.0,0.0,0,0,0
VALPARAISO DE GOIAS,0.0,0.0,0.0,0,0,0
ALCÂNTARA,0.0,0,0.0,0,0,0
ALTO PARNAIBA,5.0,71.43,0.0,0,0,0
AMARANTE DO MARANHÃO,1.0,100.0,0.0,0,0,0
ARAME,0.0,0.0,0.0,0,0,0
ARARI,0.0,0,0.0,0,0,0
AÇAILÂNDIA,0.0,0.0,0.0,0,0,0
BACABAL,4.0,40.0,0.0,0,0,0
BACURI,1.0,100.0,0.0,0,0,0
BALSAS,1.0,20.0,0.0,0,0,0
BARAO DE GRAJAU,3.0,0,0.0,0,0,0
BARRA DO CORDA,4.0,28.57,0.0,0,0,0
BARREIRINHAS,0.0,0.0,0.0,0,0,0
BOM JARDIM,4.0,100.0,0.0,0,0,0
BREJO,1.0,100.0,0.0,0,0,0
BURITI,0.0,0,0.0,0,0,0
BURITICUPU,1.0,25.0,0.0,0,0,0
CANDIDO MENDES,1.0,50.0,0.0,0,0,0
CANTANHEDE,5.0,166.67,0.0,0,0,0
CAROLINA,3.0,27.27,0.0,0,0,0
CARUTAPERA,0.0,0,0.0,0,0,0
CAXIAS,11.0,183.33,0.0,0,0,0
CHAPADINHA,0.0,0,0.0,0,0,0
CODO,2.0,0,0.0,0,0,0
COELHO NETO,2.0,200.0,0.0,0,0,0
COLINAS,0.0,0,0.0,0,0,0
COROATA,2.0,66.67,0.0,0,0,0
DOM PEDRO,0.0,0,0.0,0,0,0
ESPERANTINOPOLIS,2.0,0,0.0,0,0,0
ESTREITO,0.0,0.0,0.0,0,0,0
GOVERNADOR EUGENIO BARROS,3.0,0,0.0,0,0,0
GOVERNADOR NUNES FREIRE,5.0,0,0.0,0,0,0
GRAJAU,0.0,0.0,0.0,0,0,0
GUIMARAES,5.0,45.45,0.0,0,0,0
HUMBERTO DE CAMPOS,0.0,0.0,0.0,0,0,0
ICATU,0.0,0,0.0,0,0,0
IMPERATRIZ,11.0,84.62,0.0,0,0,0
ITAPECURU MIRIM,9.0,112.5,0.0,0,0,0
JOAO LISBOA,2.0,100.0,0.0,0,0,0
LAGO DA PEDRA,1.0,100.0,0.0,0,0,0
LORETO,10.0,333.33,0.0,0,0,0
MARACACUME,0.0,0.0,0.0,0,0,0
MATINHA,0.0,0,0.0,0,0,0
MONTES ALTOS,0.0,0.0,0.0,0,0,0
MORROS,0.0,0,0.0,0,0,0
OLHO D AGUA DAS CUNHAS,3.0,300.0,0.0,0,0,0
PACO DO LUMIAR,2.0,28.57,0.0,0,0,0
PASSAGEM FRANCA,0.0,0,0.0,0,0,0
PASTOS BONS,3.0,0,0.0,0,0,0
PEDREIRAS,5.0,166.67,0.0,0,0,0
PINDARÉ-MIRIM,1.0,0,0.0,0,0,0
PINHEIRO,0.0,0.0,0.0,0,0,0
PORTO FRANCO,0.0,0.0,0.0,0,0,0
PRESIDENTE DUTRA,0.0,0,0.0,0,0,0
RIACHAO,0.0,0,0.0,0,0,0
ROSARIO,1.0,100.0,0.0,0,0,0
SANTA HELENA,1.0,20.0,0.0,0,0,0
SANTA INES,0.0,0,0.0,0,0,0
SANTA LUZIA,1.0,5.26,0.0,0,0,0
SANTA LUZIA DO PARUA,0.0,0.0,0.0,0,0,0
SANTO ANTONIO DOS LOPES,0.0,0,0.0,0,0,0
SAO BENTO,1.0,0,0.0,0,0,0
SAO BERNARDO,0.0,0,0.0,0,0,0
SAO DOMINGOS DO MARANHAO,0.0,0,0.0,0,0,0
SAO JOAO BATISTA,2.0,50.0,0.0,0,0,0
SAO JOAO DOS PATOS,0.0,0,0.0,0,0,0
SAO JOSE DE RIBAMAR,1.0,25.0,0.0,0,0,0
SAO LUIS,60.0,86.96,0.0,0,0,0
SAO LUIS GONZAGA DO MARANHAO,1.0,50.0,0.0,0,0,0
SAO MATEUS DO MARANHAO,3.0,20.0,0.0,0,0,0
SAO RAIMUNDO DAS MANGABEIRAS,0.0,0.0,0.0,0,0,0
TIMON,1.0,50.0,0.0,0,0,0
TUNTUM,0.0,0,0.0,0,0,0
TURIACU,0.0,0.0,0.0,0,0,0
TUTOIA,0.0,0.0,0.0,0,0,0
URBANO SANTOS,19.0,135.71,0.0,0,0,0
VARGEM GRANDE,4.0,0,0.0,0,0,0
VITORIA DO MEARIM,0.0,0,0.0,0,0,0
VITORINO FREIRE,0.0,0.0,0.0,0,0,0
ZE DOCA,8.0,114.29,0.0,0,0,0
ARAIOSES,0.0,0,0.0,0,0,0
BEQUIMAO,0.0,0,0.0,0,0,0
CURURUPU,0.0,0,0.0,0,0,0
MATOES,0.0,0.0,0.0,0,0,0
MIRADOR,0.0,0,0.0,0,0,0
PARNARAMA,0.0,0,0.0,0,0,0
PAULO RAMOS,0.0,0.0,0.0,0,0,0
PENALVA,0.0,0.0,0.0,0,0,0
ABAETÉ,1.0,0,0.0,0,0,0
ABRE CAMPO,1.0,0,0.0,0,0,0
AGUAS FORMOSAS,10.0,21.74,0.0,0,0,0
AIMORES,1.0,0,0.0,0,0,0
AIURUOCA,0.0,0.0,0.0,0,0,0
ALEM PARAIBA,0.0,0.0,0.0,0,0,0
ALFENAS,16.0,72.73,0.0,0,0,0
ALMENARA,0.0,0,0.0,0,0,0
ALPINÓPOLIS,0.0,0.0,0.0,0,0,0
ALTO RIO DOCE,0.0,0,0.0,0,0,0
ALVINÓPOLIS,2.0,20.0,0.0,0,0,0
ANDRADAS,0.0,0,0.0,0,0,0
ANDRELÂNDIA,5.0,100.0,0.0,0,0,0
ARAGUARI,0.0,0.0,0.0,0,0,0
ARAXÁ,0.0,0,0.0,0,0,0
ARAÇUAI,14.0,29.79,0.0,0,0,0
ARCOS,0.0,0,0.0,0,0,0
AREADO,0.0,0,0.0,0,0,0
ARINOS,0.0,0.0,0.0,0,0,0
AÇUCENA,4.0,12.9,0.0,0,0,0
BAMBUI,0.0,0.0,0.0,0,0,0
BARAO DE COCAIS,0.0,0,0.0,0,0,0
BARBACENA,0.0,0.0,0.0,0,0,0
BELO HORIZONTE,66.0,137.5,0.0,0,0,0
BELO VALE,0.0,0,0.0,0,0,0
BETIM,3.0,15.0,0.0,0,0,0
BICAS,0.0,0.0,0.0,0,0,0
BOCAIUVA,0.0,0,0.0,0,0,0
BOM DESPACHO,0.0,0.0,0.0,0,0,0
BOM SUCESSO,0.0,0,0.0,0,0,0
BONFIM,6.0,26.09,0.0,0,0,0
BONFINOPOLIS DE MINAS,0.0,0.0,0.0,0,0,0
BOTELHOS,0.0,0.0,0.0,0,0,0
BRASÍLIA DE MINAS,0.0,0,0.0,0,0,0
BRASÓPOLIS,0.0,0,0.0,0,0,0
BRUMADINHO,1.0,16.67,0.0,0,0,0
BUENOPOLIS,0.0,0.0,0.0,0,0,0
BURITIS,1.0,4.17,0.0,0,0,0
CACHOEIRA DE MINAS,0.0,0.0,0.0,0,0,0
CAETE,3.0,7.5,0.0,0,0,0
CAMANDUCAIA,0.0,0.0,0.0,0,0,0
CAMBUI,1.0,8.33,0.0,0,0,0
CAMPANHA,0.0,0,0.0,0,0,0
CAMPO BELO,0.0,0.0,0.0,0,0,0
CAMPOS ALTOS,0.0,0.0,0.0,0,0,0
CAMPOS GERAIS,0.0,0,0.0,0,0,0
CAPELINHA,0.0,0,0.0,0,0,0
CAPINOPOLIS,1.0,16.67,0.0,0,0,0
CARANDAI,0.0,0,0.0,0,0,0
CARANGOLA,2.0,0,0.0,0,0,0
CARATINGA,4.0,11.11,0.0,0,0,0
CARLOS CHAGAS,1.0,20.0,0.0,0,0,0
CARMO DO CAJURU,0.0,0,0.0,0,0,0
CARMO DO PARANAIBA,0.0,0,0.0,0,0,0
CARMO DO RIO CLARO,0.0,0,0.0,0,0,0
CASSIA,0.0,0.0,0.0,0,0,0
CATAGUASES,0.0,0.0,0.0,0,0,0
CAXAMBU,0.0,0.0,0.0,0,0,0
CONCEICAO DAS ALAGOAS,0.0,0.0,0.0,0,0,0
CONCEICAO DO MATO DENTRO,6.0,42.86,0.0,0,0,0
CONGONHAS,0.0,0,0.0,0,0,0
CONSELHEIRO LAFAIETE,1.0,25.0,0.0,0,0,0
CONSELHEIRO PENA,0.0,0,0.0,0,0,0
CONTAGEM,2.0,14.29,0.0,0,0,0
CORACAO DE JESUS,0.0,0.0,0.0,0,0,0
CORINTO,0.0,0,0.0,0,0,0
COROMANDEL,0.0,0.0,0.0,0,0,0
CORONEL FABRICIANO,18.0,58.06,0.0,0,0,0
CRISTINA,14.0,70.0,0.0,0,0,0
CRUZILIA,0.0,0.0,0.0,0,0,0
CURVELO,0.0,0,0.0,0,0,0
DIAMANTINA,0.0,0,0.0,0,0,0
DIVINO,0.0,0,0.0,0,0,0
DIVINOPOLIS,0.0,0.0,0.0,0,0,0
DORES DO INDAIA,0.0,0.0,0.0,0,0,0
ENTRE RIOS DE MINAS,0.0,0.0,0.0,0,0,0
ERVALIA,10.0,50.0,0.0,0,0,0
ESMERALDAS,0.0,0.0,0.0,0,0,0
ESPERA FELIZ,1.0,33.33,0.0,0,0,0
ESPINOSA,0.0,0.0,0.0,0,0,0
ESTRELA DO SUL,1.0,25.0,0.0,0,0,0
EUGENOPOLIS,0.0,0.0,0.0,0,0,0
EXTREMA,0.0,0,0.0,0,0,0
FERROS,0.0,0,0.0,0,0,0
FORMIGA,0.0,0,0.0,0,0,0
FRANCISCO SA,5.0,83.33,0.0,0,0,0
FRUTAL,0.0,0,0.0,0,0,0
GALILEIA,1.0,0,0.0,0,0,0
GOVERNADOR VALADARES,6.0,40.0,0.0,0,0,0
GRAO MOGOL,0.0,0.0,0.0,0,0,0
GUANHAES,0.0,0.0,0.0,0,0,0
GUAPE,1.0,20.0,0.0,0,0,0
GUAXUPE,1.0,0,0.0,0,0,0
IBIA,0.0,0,0.0,0,0,0
IBIRACI,0.0,0,0.0,0,0,0
IBIRITE,5.0,62.5,0.0,0,0,0
IGARAPE,3.0,13.04,0.0,0,0,0
INHAPIM,0.0,0.0,0.0,0,0,0
IPANEMA,0.0,0.0,0.0,0,0,0
IPATINGA,1.0,5.56,0.0,0,0,0
ITABIRA,6.0,20.69,0.0,0,0,0
ITABIRITO,0.0,0,0.0,0,0,0
ITAJUBA,0.0,0.0,0.0,0,0,0
ITAMARANDIBA,4.0,100.0,0.0,0,0,0
ITAMBACURI,1.0,50.0,0.0,0,0,0
ITAMONTE,0.0,0,0.0,0,0,0
ITANHANDU,0.0,0.0,0.0,0,0,0
ITANHOMI,0.0,0,0.0,0,0,0
ITAPAGIPE,1.0,100.0,0.0,0,0,0
ITAPECERICA,0.0,0,0.0,0,0,0
ITAUNA,0.0,0.0,0.0,0,0,0
ITUIUTABA,0.0,0.0,0.0,0,0,0
ITUMIRIM,0.0,0.0,0.0,0,0,0
ITURAMA,1.0,100.0,0.0,0,0,0
JABOTICATUBAS,0.0,0.0,0.0,0,0,0
JACINTO,3.0,100.0,0.0,0,0,0
JAIBA,8.0,114.29,0.0,0,0,0
JANAUBA,0.0,0,0.0,0,0,0
JANUARIA,7.0,175.0,0.0,0,0,0
JEQUERI,11.0,34.38,0.0,0,0,0
JEQUITINHONHA,1.0,20.0,0.0,0,0,0
JOAO MONLEVADE,0.0,0.0,0.0,0,0,0
JOAO PINHEIRO,0.0,0,0.0,0,0,0
JUIZ DE FORA,0.0,0,0.0,0,0,0
LAGOA DA PRATA,0.0,0.0,0.0,0,0,0
LAGOA SANTA,1.0,0,0.0,0,0,0
LAJINHA,0.0,0,0.0,0,0,0
LAMBARI,0.0,0.0,0.0,0,0,0
LAVRAS,0.0,0,0.0,0,0,0
LEOPOLDINA,0.0,0,0.0,0,0,0
LIMA DUARTE,7.0,63.64,0.0,0,0,0
LUZ,1.0,0,0.0,0,0,0
MACHADO,0.0,0,0.0,0,0,0
MALACACHETA,0.0,0,0.0,0,0,0
MANGA,1.0,0,0.0,0,0,0
MANHUACU,2.0,100.0,0.0,0,0,0
MANHUMIRIM,10.0,58.82,0.0,0,0,0
MANTENA,0.0,0.0,0.0,0,0,0
MAR DE ESPANHA,8.0,42.11,0.0,0,0,0
MARIANA,32.0,118.52,0.0,0,0,0
MATEUS LEME,2.0,11.76,0.0,0,0,0
MATIAS BARBOSA,0.0,0,0.0,0,0,0
MATOZINHOS,0.0,0.0,0.0,0,0,0
MEDINA,1.0,0,0.0,0,0,0
MESQUITA,6.0,0,0.0,0,0,0
MINAS NOVAS,3.0,33.33,0.0,0,0,0
MIRAI,0.0,0,0.0,0,0,0
MONTALVANIA,4.0,26.67,0.0,0,0,0
MONTE ALEGRE DE MINAS,5.0,83.33,0.0,0,0,0
MONTE AZUL,1.0,0,0.0,0,0,0
MONTE CARMELO,3.0,16.67,0.0,0,0,0
MONTE SIAO,0.0,0,0.0,0,0,0
MONTES CLAROS,0.0,0.0,0.0,0,0,0
MURIAE,2.0,3.77,0.0,0,0,0
MUTUM,0.0,0,0.0,0,0,0
MUZAMBINHO,0.0,0,0.0,0,0,0
NANUQUE,14.0,51.85,0.0,0,0,0
NEPOMUCENO,0.0,0,0.0,0,0,0
NOVA ERA,0.0,0.0,0.0,0,0,0
NOVA LIMA,6.0,8.7,0.0,0,0,0
NOVA PONTE,9.0,30.0,0.0,0,0,0
NOVA SERRANA,0.0,0,0.0,0,0,0
NOVO CRUZEIRO,15.0,375.0,0.0,0,0,0
OLIVEIRA,0.0,0.0,0.0,0,0,0
OURO FINO,1.0,50.0,0.0,0,0,0
OURO PRETO,2.0,25.0,0.0,0,0,0
PALMA,2.0,5.88,0.0,0,0,0
PARA DE MINAS,1.0,2.27,0.0,0,0,0
PARACATU,0.0,0,0.0,0,0,0
PARAISOPOLIS,0.0,0,0.0,0,0,0
PARAOPEBA,0.0,0.0,0.0,0,0,0
PASSA TEMPO,0.0,0,0.0,0,0,0
PASSOS,0.0,0,0.0,0,0,0
PATOS DE MINAS,0.0,0.0,0.0,0,0,0
PATROCINIO,5.0,83.33,0.0,0,0,0
PECANHA,0.0,0.0,0.0,0,0,0
PEDRA AZUL,0.0,0,0.0,0,0,0
PEDRO LEOPOLDO,20.0,181.82,0.0,0,0,0
PERDIZES,0.0,0,0.0,0,0,0
PIRANGA,0.0,0,0.0,0,0,0
PIRAPORA,0.0,0.0,0.0,0,0,0
PITANGUI,1.0,0,0.0,0,0,0
PIUMHI,0.0,0.0,0.0,0,0,0
POCOS DE CALDAS,1.0,16.67,0.0,0,0,0
POMPEU,1.0,50.0,0.0,0,0,0
PONTE NOVA,5.0,11.63,0.0,0,0,0
PORTEIRINHA,0.0,0,0.0,0,0,0
POUSO ALEGRE,0.0,0.0,0.0,0,0,0
PRADOS,1.0,33.33,0.0,0,0,0
PRATA,0.0,0,0.0,0,0,0
PRATAPOLIS,0.0,0,0.0,0,0,0
PRESIDENTE OLEGARIO,0.0,0,0.0,0,0,0
RAUL SOARES,0.0,0.0,0.0,0,0,0
RESENDE COSTA,0.0,0,0.0,0,0,0
RESPLENDOR,1.0,5.88,0.0,0,0,0
RIBEIRAO DAS NEVES,0.0,0,0.0,0,0,0
RIO CASCA,0.0,0.0,0.0,0,0,0
RIO NOVO,0.0,0.0,0.0,0,0,0
RIO PARDO DE MINAS,8.0,160.0,0.0,0,0,0
RIO POMBA,0.0,0.0,0.0,0,0,0
RIO PRETO,1.0,0,0.0,0,0,0
RIO VERMELHO,7.0,35.0,0.0,0,0,0
SABARA,2.0,0,0.0,0,0,0
SABINOPOLIS,0.0,0.0,0.0,0,0,0
SACRAMENTO,0.0,0,0.0,0,0,0
SALINAS,3.0,9.38,0.0,0,0,0
SANTA MARIA DO SUACUI,8.0,800.0,0.0,0,0,0
SANTA RITA DE CALDAS,0.0,0,0.0,0,0,0
SANTA RITA DO SAPUCAI,9.0,29.03,0.0,0,0,0
SANTA VITORIA,0.0,0.0,0.0,0,0,0
SANTO ANTONIO DO MONTE,0.0,0,0.0,0,0,0
SANTOS DUMONT,3.0,75.0,0.0,0,0,0
SAO DOMINGOS DO PRATA,0.0,0,0.0,0,0,0
SAO FRANCISCO,1.0,0,0.0,0,0,0
SAO GONCALO DO SAPUCAI,0.0,0,0.0,0,0,0
SAO GOTARDO,0.0,0.0,0.0,0,0,0
SAO JOAO DA PONTE,0.0,0.0,0.0,0,0,0
SAO JOAO DEL REI,6.0,11.11,0.0,0,0,0
SAO JOAO EVANGELISTA,0.0,0.0,0.0,0,0,0
SAO JOAO NEPOMUCENO,0.0,0,0.0,0,0,0
SAO LOURENCO,0.0,0,0.0,0,0,0
SAO ROMAO,1.0,0,0.0,0,0,0
SAO SEBASTIAO DO PARAISO,0.0,0,0.0,0,0,0
SENADOR FIRMINO,0.0,0,0.0,0,0,0
SERRO,0.0,0.0,0.0,0,0,0
SETE LAGOAS,1.0,25.0,0.0,0,0,0
TAIOBEIRAS,0.0,0,0.0,0,0,0
TARUMIRIM,0.0,0.0,0.0,0,0,0
TEIXEIRAS,0.0,0,0.0,0,0,0
TEOFILO OTONI,38.0,53.52,0.0,0,0,0
TIMOTEO,31.0,147.62,0.0,0,0,0
TRES CORACOES,0.0,0,0.0,0,0,0
TRES MARIAS,0.0,0.0,0.0,0,0,0
TRES PONTAS,1.0,0,0.0,0,0,0
TUPACIGUARA,0.0,0.0,0.0,0,0,0
TURMALINA,2.0,66.67,0.0,0,0,0
UBA,0.0,0.0,0.0,0,0,0
UBERABA,0.0,0.0,0.0,0,0,0
UBERLANDIA,3.0,42.86,0.0,0,0,0
UNAI,0.0,0,0.0,0,0,0
VARGINHA,0.0,0.0,0.0,0,0,0
VARZEA DA PALMA,11.0,39.29,0.0,0,0,0
VAZANTE,1.0,12.5,0.0,0,0,0
VESPASIANO,0.0,0.0,0.0,0,0,0
VIRGINOPOLIS,1.0,3.23,0.0,0,0,0
VISCONDE DO RIO BRANCO,0.0,0.0,0.0,0,0,0
BOA ESPERANCA,23.0,230.0,0.0,0,0,0
CLAUDIO,2.0,100.0,0.0,0,0,0
MONTE SANTO DE MINAS,0.0,0.0,0.0,0,0,0
NOVA RESENDE,0.0,0.0,0.0,0,0,0
PERDOES,0.0,0,0.0,0,0,0
RIO PIRACICABA,0.0,0,0.0,0,0,0
AMAMBAI,0.0,0,0.0,0,0,0
ANASTÁCIO,0.0,0,0.0,0,0,0
APARECIDA DO TABOADO,2.0,0,0.0,0,0,0
AQUIDAUANA,2.0,200.0,0.0,0,0,0
BANDEIRANTES,0.0,0,0.0,0,0,0
BATAGUASSU,1.0,100.0,0.0,0,0,0
BELA VISTA,4.0,400.0,0.0,0,0,0
BONITO,0.0,0.0,0.0,0,0,0
BRASILÂNDIA,1.0,100.0,0.0,0,0,0
CAARAPO,1.0,100.0,0.0,0,0,0
CAMAPUA,0.0,0,0.0,0,0,0
CAMPO GRANDE,41.0,66.13,0.0,0,0,0
CASSILANDIA,1.0,100.0,0.0,0,0,0
CHAPADAO DO SUL,0.0,0,0.0,0,0,0
CORUMBA,1.0,20.0,0.0,0,0,0
COSTA RICA,0.0,0.0,0.0,0,0,0
COXIM,0.0,0,0.0,0,0,0
DEODAPOLIS,1.0,0,0.0,0,0,0
DOURADOS,9.0,900.0,0.0,0,0,0
ELDORADO,9.0,450.0,0.0,0,0,0
FATIMA DO SUL,1.0,0,0.0,0,0,0
IVINHEMA,1.0,0,0.0,0,0,0
JARDIM,1.0,0,0.0,0,0,0
MARACAJU,0.0,0,0.0,0,0,0
MIRANDA,0.0,0,0.0,0,0,0
NAVIRAI,3.0,300.0,0.0,0,0,0
NIOAQUE,3.0,60.0,0.0,0,0,0
NOVA ANDRADINA,1.0,100.0,0.0,0,0,0
PARANAIBA,7.0,700.0,0.0,0,0,0
PONTA PORA,7.0,700.0,0.0,0,0,0
PORTO MURTINHO,2.0,0,0.0,0,0,0
RIBAS DO RIO PARDO,0.0,0,0.0,0,0,0
RIO BRILHANTE,1.0,50.0,0.0,0,0,0
RIO VERDE DE MATO GROSSO,1.0,0,0.0,0,0,0
SAO GABRIEL DO OESTE,2.0,0,0.0,0,0,0
SIDROLANDIA,0.0,0,0.0,0,0,0
SONORA,0.0,0,0.0,0,0,0
TRES LAGOAS,4.0,400.0,0.0,0,0,0
ÁGUA CLARA,0.0,0,0.0,0,0,0
ALTA FLORESTA,0.0,0,0.0,0,0,0
ALTO ARAGUAIA,0.0,0,0.0,0,0,0
ARAPUTANGA,0.0,0.0,0.0,0,0,0
ARENAPOLIS,0.0,0,0.0,0,0,0
ARIPUANA,0.0,0.0,0.0,0,0,0
BARRA DO BUGRES,0.0,0,0.0,0,0,0
BARRA DO GARCAS,0.0,0.0,0.0,0,0,0
BRASNORTE,0.0,0.0,0.0,0,0,0
CACERES,0.0,0.0,0.0,0,0,0
CAMPO NOVO DO PARECIS,0.0,0,0.0,0,0,0
CAMPO VERDE,0.0,0.0,0.0,0,0,0
CHAPADA DOS GUIMARAES,0.0,0.0,0.0,0,0,0
CLAUDIA,0.0,0.0,0.0,0,0,0
COLIDER,0.0,0,0.0,0,0,0
COMODORO,0.0,0,0.0,0,0,0
COTRIGUACU,0.0,0.0,0.0,0,0,0
CUIABA,0.0,0.0,0.0,0,0,0
DIAMANTINO,0.0,0,0.0,0,0,0
GUARANTA DO NORTE,0.0,0.0,0.0,0,0,0
GUIRATINGA,0.0,0,0.0,0,0,0
JACIARA,0.0,0.0,0.0,0,0,0
JUARA,0.0,0,0.0,0,0,0
JUINA,0.0,0,0.0,0,0,0
LUCAS DO RIO VERDE,0.0,0,0.0,0,0,0
MIRASSOL D OESTE,0.0,0,0.0,0,0,0
NOVA MONTE VERDE,0.0,0,0.0,0,0,0
NOVA MUTUM,0.0,0,0.0,0,0,0
NOVA XAVANTINA,0.0,0,0.0,0,0,0
PARANATINGA,0.0,0.0,0.0,0,0,0
PEDRA PRETA,0.0,0,0.0,0,0,0
PEIXOTO DE AZEVEDO,0.0,0.0,0.0,0,0,0
POCONE,0.0,0.0,0.0,0,0,0
PONTES E LACERDA,0.0,0.0,0.0,0,0,0
PORTO ALEGRE DO NORTE,0.0,0.0,0.0,0,0,0
POXOREO,0.0,0,0.0,0,0,0
PRIMAVERA DO LESTE,0.0,0.0,0.0,0,0,0
QUERENCIA,0.0,0.0,0.0,0,0,0
RONDONOPOLIS,0.0,0,0.0,0,0,0
ROSARIO OESTE,0.0,0.0,0.0,0,0,0
SANTO ANTONIO DO LEVERGER,0.0,0,0.0,0,0,0
SAO FELIX DO ARAGUAIA,0.0,0,0.0,0,0,0
SAO JOSE DO RIO CLARO,0.0,0.0,0.0,0,0,0
SAO JOSE DOS QUATRO MARCOS,0.0,0,0.0,0,0,0
SAPEZAL,0.0,0,0.0,0,0,0
SINOP,0.0,0.0,0.0,0,0,0
SORRISO,0.0,0.0,0.0,0,0,0
TANGARA DA SERRA,0.0,0,0.0,0,0,0
VARZEA GRANDE,0.0,0.0,0.0,0,0,0
VERA,0.0,0.0,0.0,0,0,0
VILA RICA,0.0,0,0.0,0,0,0
ÁGUA BOA,0.0,0.0,0.0,0,0,0
ABAETETUBA,7.0,350.0,0.0,0,0,0
ACARÁ,1.0,5.0,0.0,0,0,0
AFUÁ,0.0,0,0.0,0,0,0
ALENQUER,12.0,54.55,0.0,0,0,0
ALMEIRIM,0.0,0,0.0,0,0,0
ALTAMIRA,4.0,40.0,0.0,0,0,0
ANANINDEUA,1.0,11.11,0.0,0,0,0
AUGUSTO CORREA,2.0,100.0,0.0,0,0,0
BAIÃO,1.0,20.0,0.0,0,0,0
BARCARENA,0.0,0,0.0,0,0,0
BELEM,82.0,84.54,0.0,0,0,0
BRAGANCA,5.0,100.0,0.0,0,0,0
BREU BRANCO,0.0,0,0.0,0,0,0
BREVES,1.0,16.67,0.0,0,0,0
CACHOEIRA DO ARARI,1.0,33.33,0.0,0,0,0
CAMETA,0.0,0,0.0,0,0,0
CAPANEMA,1.0,33.33,0.0,0,0,0
CAPITAO POCO,0.0,0.0,0.0,0,0,0
CASTANHAL,0.0,0.0,0.0,0,0,0
CHAVES,0.0,0.0,0.0,0,0,0
CONCEICAO DO ARAGUAIA,10.0,83.33,0.0,0,0,0
CONCORDIA DO PARA,0.0,0.0,0.0,0,0,0
CURIONOPOLIS,3.0,60.0,0.0,0,0,0
CURRALINHO,6.0,100.0,0.0,0,0,0
CURUCA,1.0,0,0.0,0,0,0
DOM ELISEU,6.0,100.0,0.0,0,0,0
GARRAFAO DO NORTE,0.0,0.0,0.0,0,0,0
GURUPA,0.0,0.0,0.0,0,0,0
IGARAPE-ACU,2.0,66.67,0.0,0,0,0
IGARAPE-MIRI,1.0,10.0,0.0,0,0,0
ITAITUBA,23.0,95.83,0.0,0,0,0
ITUPIRANGA,3.0,150.0,0.0,0,0,0
JACAREACANGA,20.0,133.33,0.0,0,0,0
JACUNDA,0.0,0,0.0,0,0,0
JURUTI,0.0,0.0,0.0,0,0,0
LIMOEIRO DO AJURU,0.0,0.0,0.0,0,0,0
MAE DO RIO,3.0,4.76,0.0,0,0,0
MARABA,3.0,23.08,0.0,0,0,0
MARACANA,1.0,7.69,0.0,0,0,0
MARAPANIM,7.0,350.0,0.0,0,0,0
MARITUBA,0.0,0,0.0,0,0,0
MEDICILANDIA,0.0,0.0,0.0,0,0,0
MELGACO,4.0,100.0,0.0,0,0,0
MOJU,0.0,0,0.0,0,0,0
MONTE ALEGRE,6.0,75.0,0.0,0,0,0
MUANA,16.0,84.21,0.0,0,0,0
NOVA TIMBOTEUA,3.0,150.0,0.0,0,0,0
NOVO PROGRESSO,1.0,16.67,0.0,0,0,0
NOVO REPARTIMENTO,2.0,100.0,0.0,0,0,0
OBIDOS,0.0,0.0,0.0,0,0,0
OEIRAS DO PARA,7.0,100.0,0.0,0,0,0
ORIXIMINA,2.0,33.33,0.0,0,0,0
OUREM,0.0,0,0.0,0,0,0
PACAJA,0.0,0,0.0,0,0,0
PARAGOMINAS,0.0,0,0.0,0,0,0
PARAUAPEBAS,1.0,14.29,0.0,0,0,0
PONTA DE PEDRAS,1.0,0,0.0,0,0,0
PORTEL,0.0,0.0,0.0,0,0,0
PORTO DE MOZ,0.0,0.0,0.0,0,0,0
RIO MARIA,3.0,60.0,0.0,0,0,0
RONDON DO PARA,0.0,0.0,0.0,0,0,0
RUROPOLIS,0.0,0,0.0,0,0,0
SALINOPOLIS,5.0,250.0,0.0,0,0,0
SANTA ISABEL DO PARA,2.0,100.0,0.0,0,0,0
SANTANA DO ARAGUAIA,0.0,0.0,0.0,0,0,0
SANTAREM,10.0,33.33,0.0,0,0,0
SAO FELIX DO XINGU,0.0,0,0.0,0,0,0
SAO GERALDO DO ARAGUAIA,0.0,0,0.0,0,0,0
SAO JOAO DO ARAGUAIA,1.0,33.33,0.0,0,0,0
SAO MIGUEL DO GUAMA,0.0,0.0,0.0,0,0,0
SAO SEBASTIAO DA BOA VISTA,1.0,20.0,0.0,0,0,0
SENADOR JOSE PORFIRIO,0.0,0.0,0.0,0,0,0
SOURE,1.0,50.0,0.0,0,0,0
TAILANDIA,2.0,20.0,0.0,0,0,0
TERRA SANTA,3.0,75.0,0.0,0,0,0
TOME-ACU,0.0,0,0.0,0,0,0
TUCUMA,2.0,33.33,0.0,0,0,0
TUCURUI,1.0,0,0.0,0,0,0
URUARA,3.0,23.08,0.0,0,0,0
VIGIA,1.0,100.0,0.0,0,0,0
VISEU,1.0,50.0,0.0,0,0,0
XINGUARA,5.0,71.43,0.0,0,0,0
ANAJÁS,1.0,0,0.0,0,0,0
PRAINHA,0.0,0,0.0,0,0,0
ALAGOA GRANDE,0.0,0.0,0.0,0,0,0
ALAGOA NOVA,7.0,70.0,0.0,0,0,0
ALHANDRA,0.0,0.0,0.0,0,0,0
ARARUNA,4.0,80.0,0.0,0,0,0
AREIA,1.0,0,0.0,0,0,0
BANANEIRAS,30.0,63.83,0.0,0,0,0
BAYEUX,4.0,19.05,0.0,0,0,0
BOQUEIRÃO,0.0,0,0.0,0,0,0
CABEDELO,3.0,25.0,0.0,0,0,0
CAJAZEIRAS,4.0,200.0,0.0,0,0,0
CAMPINA GRANDE,23.0,143.75,0.0,0,0,0
CATOLE DO ROCHA,0.0,0,0.0,0,0,0
CONCEICAO,0.0,0,0.0,0,0,0
COREMAS,1.0,50.0,0.0,0,0,0
CUITE,4.0,0,0.0,0,0,0
ESPERANCA,0.0,0.0,0.0,0,0,0
GUARABIRA,1.0,7.69,0.0,0,0,0
GURINHEM,0.0,0,0.0,0,0,0
INGA,2.0,200.0,0.0,0,0,0
ITABAIANA,2.0,7.14,0.0,0,0,0
ITAPORANGA,4.0,80.0,0.0,0,0,0
JACARAU,0.0,0.0,0.0,0,0,0
JOAO PESSOA,92.0,117.95,0.0,0,0,0
JUAZEIRINHO,1.0,0,0.0,0,0,0
MAMANGUAPE,1.0,2.78,0.0,0,0,0
MONTEIRO,0.0,0,0.0,0,0,0
PATOS,3.0,100.0,0.0,0,0,0
PEDRAS DE FOGO,1.0,25.0,0.0,0,0,0
PIANCÓ,0.0,0.0,0.0,0,0,0
PICUÍ,0.0,0,0.0,0,0,0
POCINHOS,2.0,40.0,0.0,0,0,0
POMBAL,0.0,0.0,0.0,0,0,0
PRINCESA ISABEL,7.0,140.0,0.0,0,0,0
REMIGIO,0.0,0,0.0,0,0,0
RIO TINTO,1.0,50.0,0.0,0,0,0
SANTA RITA,28.0,175.0,0.0,0,0,0
SAO JOAO DO RIO DO PEIXE,10.0,47.62,0.0,0,0,0
SAO JOSE DE PIRANHAS,0.0,0,0.0,0,0,0
SAPE,0.0,0.0,0.0,0,0,0
SERRA BRANCA,0.0,0,0.0,0,0,0
SOLANEA,0.0,0,0.0,0,0,0
SOLEDADE,13.0,48.15,0.0,0,0,0
SOUSA,21.0,70.0,0.0,0,0,0
SUME,2.0,0,0.0,0,0,0
SÃO BENTO,3.0,100.0,0.0,0,0,0
TAPEROA,0.0,0,0.0,0,0,0
TEIXEIRA,2.0,6.06,0.0,0,0,0
UMBUZEIRO,9.0,30.0,0.0,0,0,0
ABREU E LIMA,8.0,66.67,0.0,0,0,0
AFOGADOS DA INGAZEIRA,0.0,0,0.0,0,0,0
AFRÂNIO,0.0,0,0.0,0,0,0
AGRESTINA,0.0,0.0,0.0,0,0,0
AGUA PRETA,3.0,300.0,0.0,0,0,0
ALTINHO,0.0,0,0.0,0,0,0
AMARAJI,1.0,0,0.0,0,0,0
ARARIPINA,0.0,0.0,0.0,0,0,0
ARCOVERDE,0.0,0,0.0,0,0,0
BARREIROS,7.0,350.0,0.0,0,0,0
BELEM DE SAO FRANCISCO,0.0,0.0,0.0,0,0,0
BELO JARDIM,0.0,0,0.0,0,0,0
BETANIA,0.0,0,0.0,0,0,0
BEZERROS,0.0,0,0.0,0,0,0
BODOCO,1.0,100.0,0.0,0,0,0
BOM CONSELHO,0.0,0,0.0,0,0,0
BREJO DA MADRE DE DEUS,0.0,0,0.0,0,0,0
CABO DE SANTO AGOSTINHO,3.0,75.0,0.0,0,0,0
CABROBO,7.0,77.78,0.0,0,0,0
CAMARAGIBE,0.0,0,0.0,0,0,0
CAMOCIM DE SAO FELIX,0.0,0,0.0,0,0,0
CAPOEIRAS,0.0,0.0,0.0,0,0,0
CARNAIBA,5.0,83.33,0.0,0,0,0
CARPINA,0.0,0,0.0,0,0,0
CARUARU,0.0,0.0,0.0,0,0,0
CATENDE,0.0,0.0,0.0,0,0,0
CONDADO,2.0,200.0,0.0,0,0,0
CORRENTES,0.0,0,0.0,0,0,0
CUSTODIA,0.0,0,0.0,0,0,0
ESCADA,0.0,0,0.0,0,0,0
EXU,0.0,0,0.0,0,0,0
FEIRA NOVA,0.0,0,0.0,0,0,0
FLORES,0.0,0.0,0.0,0,0,0
FLORESTA,0.0,0,0.0,0,0,0
GARANHUNS,1.0,16.67,0.0,0,0,0
GLORIA DO GOITA,0.0,0,0.0,0,0,0
GOIANA,0.0,0.0,0.0,0,0,0
GRAVATA,0.0,0,0.0,0,0,0
IBIMIRIM,15.0,93.75,0.0,0,0,0
IGARASSU,0.0,0,0.0,0,0,0
ILHA DE ITAMARACÁ,0.0,0.0,0.0,0,0,0
INAJA,0.0,0,0.0,0,0,0
IPOJUCA,0.0,0,0.0,0,0,0
ITAPETIM,0.0,0,0.0,0,0,0
ITAÍBA,0.0,0,0.0,0,0,0
JABOATAO DOS GUARARAPES,3.0,150.0,0.0,0,0,0
JOAO ALFREDO,3.0,0,0.0,0,0,0
LAJEDO,0.0,0,0.0,0,0,0
LIMOEIRO,0.0,0,0.0,0,0,0
MACAPARANA,0.0,0,0.0,0,0,0
MIRANDIBA,2.0,100.0,0.0,0,0,0
MORENO,1.0,0,0.0,0,0,0
NAZARE DA MATA,2.0,66.67,0.0,0,0,0
OLINDA,2.0,50.0,0.0,0,0,0
OURICURI,0.0,0,0.0,0,0,0
PALMARES,0.0,0,0.0,0,0,0
PARNAMIRIM,9.0,47.37,0.0,0,0,0
PASSIRA,1.0,20.0,0.0,0,0,0
PAULISTA,2.0,50.0,0.0,0,0,0
PEDRA,0.0,0,0.0,0,0,0
PESQUEIRA,0.0,0,0.0,0,0,0
PETROLANDIA,0.0,0.0,0.0,0,0,0
PETROLINA,0.0,0.0,0.0,0,0,0
QUIPAPA,0.0,0,0.0,0,0,0
RECIFE,18.0,29.51,0.0,0,0,0
RIBEIRAO,0.0,0,0.0,0,0,0
RIO FORMOSO,3.0,150.0,0.0,0,0,0
SALGUEIRO,0.0,0.0,0.0,0,0,0
SANTA CRUZ DO CAPIBARIBE,1.0,0,0.0,0,0,0
SANTA MARIA DA BOA VISTA,1.0,100.0,0.0,0,0,0
SAO BENTO DO UNA,0.0,0.0,0.0,0,0,0
SAO CAITANO,1.0,0,0.0,0,0,0
SAO JOAO,0.0,0.0,0.0,0,0,0
SAO JOSE DO EGITO,0.0,0,0.0,0,0,0
SAO LOURENCO DA MATA,0.0,0.0,0.0,0,0,0
SERRA TALHADA,1.0,50.0,0.0,0,0,0
SERRITA,0.0,0,0.0,0,0,0
SERTANIA,2.0,50.0,0.0,0,0,0
SURUBIM,4.0,40.0,0.0,0,0,0
TABIRA,0.0,0.0,0.0,0,0,0
TAQUARITINGA DO NORTE,0.0,0,0.0,0,0,0
TIMBAUBA,0.0,0.0,0.0,0,0,0
TORITAMA,0.0,0,0.0,0,0,0
VERTENTES,0.0,0,0.0,0,0,0
VITORIA DE SANTO ANTAO,6.0,24.0,0.0,0,0,0
AGUAS BELAS,0.0,0,0.0,0,0,0
BUIQUE,0.0,0,0.0,0,0,0
LAGOA GRANDE,0.0,0,0.0,0,0,0
PAUDALHO,0.0,0,0.0,0,0,0
SALOA,0.0,0,0.0,0,0,0
SAO JOSE DO BELMONTE,0.0,0,0.0,0,0,0
TACARATU,0.0,0,0.0,0,0,0
VENTUROSA,0.0,0.0,0.0,0,0,0
ALTOS,2.0,33.33,0.0,0,0,0
AMARANTE,1.0,100.0,0.0,0,0,0
AVELINO LOPES,0.0,0,0.0,0,0,0
BARRAS,1.0,50.0,0.0,0,0,0
BARRO DURO,1.0,6.67,0.0,0,0,0
BOM JESUS,2.0,66.67,0.0,0,0,0
BURITI DOS LOPES,0.0,0,0.0,0,0,0
CAMPO MAIOR,12.0,52.17,0.0,0,0,0
CANTO DO BURITI,2.0,33.33,0.0,0,0,0
CARACOL,7.0,53.85,0.0,0,0,0
CASTELO DO PIAUI,1.0,14.29,0.0,0,0,0
COCAL,2.0,0,0.0,0,0,0
CORRENTE,5.0,55.56,0.0,0,0,0
CRISTINO CASTRO,3.0,13.64,0.0,0,0,0
DEMERVAL LOBAO,0.0,0,0.0,0,0,0
ELESBAO VELOSO,0.0,0,0.0,0,0,0
ESPERANTINA,1.0,11.11,0.0,0,0,0
FLORIANO,7.0,233.33,0.0,0,0,0
FRONTEIRAS,0.0,0.0,0.0,0,0,0
GILBUES,1.0,33.33,0.0,0,0,0
GUADALUPE,0.0,0.0,0.0,0,0,0
INHUMA,2.0,25.0,0.0,0,0,0
ITAINOPOLIS,1.0,100.0,0.0,0,0,0
ITAUEIRA,0.0,0.0,0.0,0,0,0
JAICOS,0.0,0.0,0.0,0,0,0
JERUMENHA,0.0,0,0.0,0,0,0
JOSE DE FREITAS,3.0,100.0,0.0,0,0,0
LUIS CORREIA,1.0,8.33,0.0,0,0,0
LUZILANDIA,0.0,0.0,0.0,0,0,0
MANOEL EMIDIO,0.0,0.0,0.0,0,0,0
MATIAS OLIMPIO,3.0,0,0.0,0,0,0
MIGUEL ALVES,1.0,100.0,0.0,0,0,0
MONSENHOR GIL,1.0,14.29,0.0,0,0,0
OEIRAS,10.0,111.11,0.0,0,0,0
PADRE MARCOS,0.0,0.0,0.0,0,0,0
PAES LANDIM,0.0,0,0.0,0,0,0
PARNAGUA,2.0,66.67,0.0,0,0,0
PARNAIBA,3.0,30.0,0.0,0,0,0
PAULISTANA,1.0,100.0,0.0,0,0,0
PEDRO II,1.0,5.88,0.0,0,0,0
PICOS,14.0,40.0,0.0,0,0,0
PIMENTEIRAS,0.0,0,0.0,0,0,0
PIO IX,9.0,90.0,0.0,0,0,0
PIRACURUCA,0.0,0.0,0.0,0,0,0
PIRIPIRI,4.0,28.57,0.0,0,0,0
PORTO,0.0,0.0,0.0,0,0,0
REGENERACAO,0.0,0,0.0,0,0,0
RIBEIRO GONCALVES,1.0,25.0,0.0,0,0,0
SAO JOAO DO PIAUI,12.0,48.0,0.0,0,0,0
SAO MIGUEL DO TAPUIO,8.0,72.73,0.0,0,0,0
SAO PEDRO DO PIAUI,26.0,118.18,0.0,0,0,0
SAO RAIMUNDO NONATO,9.0,180.0,0.0,0,0,0
SIMOES,1.0,33.33,0.0,0,0,0
SIMPLICIO MENDES,3.0,300.0,0.0,0,0,0
TERESINA,53.0,48.62,0.0,0,0,0
UNIAO,0.0,0.0,0.0,0,0,0
URUCUI,5.0,27.78,0.0,0,0,0
VALENCA DO PIAUI,0.0,0.0,0.0,0,0,0
ANGICAL DO PIAUI,0.0,0,0.0,0,0,0
AROAZES,0.0,0,0.0,0,0,0
ARRAIAL,0.0,0,0.0,0,0,0
CAMPINAS DO PIAUI,0.0,0,0.0,0,0,0
CAPITAO DE CAMPOS,0.0,0,0.0,0,0,0
CONCEICAO DO CANINDE,0.0,0,0.0,0,0,0
JOAQUIM PIRES,0.0,0,0.0,0,0,0
LANDRI SALES,0.0,0,0.0,0,0,0
PALMEIRAIS,0.0,0,0.0,0,0,0
ALMIRANTE TAMANDARÉ,7.0,63.64,0.0,0,0,0
ALTO PARANA,0.0,0,0.0,0,0,0
ALTO PIQUIRI,0.0,0,0.0,0,0,0
ALTONIA,2.0,0,0.0,0,0,0
ANDIRA,0.0,0,0.0,0,0,0
ANTONINA,1.0,0,0.0,0,0,0
APUCARANA,1.0,0,0.0,0,0,0
ARAPONGAS,0.0,0.0,0.0,0,0,0
ARAPOTI,2.0,0,0.0,0,0,0
ARAUCARIA,0.0,0,0.0,0,0,0
ASSAI,0.0,0,0.0,0,0,0
ASSIS CHATEAUBRIAND,0.0,0,0.0,0,0,0
ASTORGA,0.0,0.0,0.0,0,0,0
BARBOSA FERRAZ,0.0,0,0.0,0,0,0
BARRACAO,0.0,0,0.0,0,0,0
BELA VISTA DO PARAISO,1.0,0,0.0,0,0,0
CAMBARA,0.0,0,0.0,0,0,0
CAMBE,0.0,0,0.0,0,0,0
CAMPINA DA LAGOA,0.0,0,0.0,0,0,0
CAMPINA GRANDE DO SUL,0.0,0,0.0,0,0,0
CAMPO LARGO,5.0,125.0,0.0,0,0,0
CAMPO MOURAO,1.0,100.0,0.0,0,0,0
CANDIDO DE ABREU,0.0,0,0.0,0,0,0
CANTAGALO,0.0,0.0,0.0,0,0,0
CASTRO,0.0,0.0,0.0,0,0,0
CATANDUVAS,0.0,0.0,0.0,0,0,0
CENTENARIO DO SUL,2.0,200.0,0.0,0,0,0
CERRO AZUL,4.0,133.33,0.0,0,0,0
CHOPINZINHO,0.0,0,0.0,0,0,0
CIANORTE,1.0,7.14,0.0,0,0,0
CIDADE GAUCHA,1.0,100.0,0.0,0,0,0
CLEVELANDIA,0.0,0.0,0.0,0,0,0
COLOMBO,3.0,100.0,0.0,0,0,0
COLORADO,12.0,300.0,0.0,0,0,0
CONGONHINHAS,0.0,0,0.0,0,0,0
CORBELIA,0.0,0.0,0.0,0,0,0
CORNELIO PROCOPIO,2.0,200.0,0.0,0,0,0
CORONEL VIVIDA,1.0,0,0.0,0,0,0
CRUZEIRO DO OESTE,1.0,0,0.0,0,0,0
CURITIBA,172.0,172.0,0.0,0,0,0
CURIUVA,5.0,0,0.0,0,0,0
DOIS VIZINHOS,0.0,0,0.0,0,0,0
ENGENHEIRO BELTRAO,0.0,0.0,0.0,0,0,0
FAXINAL,16.0,0,0.0,0,0,0
FAZENDA RIO GRANDE,0.0,0,0.0,0,0,0
FORMOSA DO OESTE,0.0,0,0.0,0,0,0
FOZ DO IGUACU,3.0,300.0,0.0,0,0,0
FRANCISCO BELTRAO,0.0,0,0.0,0,0,0
GOIOERE,0.0,0,0.0,0,0,0
GRANDES RIOS,0.0,0,0.0,0,0,0
GUAIRA,2.0,40.0,0.0,0,0,0
GUARANIACU,0.0,0.0,0.0,0,0,0
GUARAPUAVA,1.0,0,0.0,0,0,0
GUARATUBA,0.0,0,0.0,0,0,0
IBAITI,0.0,0.0,0.0,0,0,0
IBIPORA,1.0,33.33,0.0,0,0,0
ICARAIMA,1.0,50.0,0.0,0,0,0
IMBITUVA,0.0,0,0.0,0,0,0
IPIRANGA,0.0,0,0.0,0,0,0
IRATI,3.0,150.0,0.0,0,0,0
IRETAMA,3.0,300.0,0.0,0,0,0
IVAIPORA,0.0,0,0.0,0,0,0
JACAREZINHO,0.0,0.0,0.0,0,0,0
JAGUAPITA,4.0,100.0,0.0,0,0,0
JAGUARIAIVA,1.0,100.0,0.0,0,0,0
JANDAIA DO SUL,8.0,44.44,0.0,0,0,0
JOAQUIM TAVORA,1.0,0,0.0,0,0,0
LAPA,1.0,20.0,0.0,0,0,0
LARANJEIRAS DO SUL,0.0,0,0.0,0,0,0
LOANDA,2.0,200.0,0.0,0,0,0
LONDRINA,5.0,71.43,0.0,0,0,0
MALLET,0.0,0.0,0.0,0,0,0
MAMBORE,0.0,0,0.0,0,0,0
MANDAGUACU,0.0,0,0.0,0,0,0
MANDAGUARI,0.0,0,0.0,0,0,0
MANGUEIRINHA,0.0,0.0,0.0,0,0,0
MANOEL RIBAS,0.0,0,0.0,0,0,0
MARECHAL CANDIDO RONDON,0.0,0.0,0.0,0,0,0
MARIALVA,0.0,0.0,0.0,0,0,0
MARILANDIA DO SUL,0.0,0.0,0.0,0,0,0
MARINGA,7.0,63.64,0.0,0,0,0
MARMELEIRO,0.0,0.0,0.0,0,0,0
MATELANDIA,3.0,42.86,0.0,0,0,0
MATINHOS,3.0,300.0,0.0,0,0,0
MEDIANEIRA,0.0,0,0.0,0,0,0
MORRETES,0.0,0,0.0,0,0,0
NOVA ESPERANCA,0.0,0,0.0,0,0,0
NOVA FATIMA,0.0,0,0.0,0,0,0
NOVA LONDRINA,3.0,0,0.0,0,0,0
ORTIGUEIRA,1.0,100.0,0.0,0,0,0
PAICANDU,0.0,0,0.0,0,0,0
PALMAS,21.0,46.67,0.0,0,0,0
PALMEIRA,0.0,0.0,0.0,0,0,0
PALMITAL,8.0,160.0,0.0,0,0,0
PALOTINA,0.0,0.0,0.0,0,0,0
PARAISO DO NORTE,0.0,0,0.0,0,0,0
PARANACITY,0.0,0,0.0,0,0,0
PARANAGUA,4.0,80.0,0.0,0,0,0
PARANAVAI,5.0,62.5,0.0,0,0,0
PATO BRANCO,1.0,100.0,0.0,0,0,0
PEABIRU,3.0,21.43,0.0,0,0,0
PEROLA,0.0,0,0.0,0,0,0
PINHAIS,0.0,0.0,0.0,0,0,0
PIRAQUARA,0.0,0,0.0,0,0,0
PITANGA,0.0,0,0.0,0,0,0
PONTA GROSSA,1.0,100.0,0.0,0,0,0
PORECATU,0.0,0,0.0,0,0,0
PRUDENTOPOLIS,1.0,0,0.0,0,0,0
QUEDAS DO IGUACU,3.0,30.0,0.0,0,0,0
REALEZA,0.0,0.0,0.0,0,0,0
REBOUCAS,2.0,100.0,0.0,0,0,0
RESERVA,2.0,100.0,0.0,0,0,0
RIBEIRAO CLARO,0.0,0,0.0,0,0,0
RIBEIRAO DO PINHAL,1.0,33.33,0.0,0,0,0
RIO BRANCO DO SUL,4.0,0,0.0,0,0,0
RIO NEGRO,0.0,0.0,0.0,0,0,0
ROLANDIA,0.0,0.0,0.0,0,0,0
SALTO DO LONTRA,13.0,50.0,0.0,0,0,0
SANTA FE,2.0,100.0,0.0,0,0,0
SANTA ISABEL DO IVAI,0.0,0,0.0,0,0,0
SANTA MARIANA,2.0,0,0.0,0,0,0
SANTO ANTONIO DA PLATINA,0.0,0,0.0,0,0,0
SANTO ANTONIO DO SUDOESTE,2.0,66.67,0.0,0,0,0
SAO JERONIMO DA SERRA,0.0,0,0.0,0,0,0
SAO JOAO DO IVAI,0.0,0,0.0,0,0,0
SAO JOSE DOS PINHAIS,1.0,50.0,0.0,0,0,0
SAO MATEUS DO SUL,0.0,0,0.0,0,0,0
SAO MIGUEL DO IGUACU,1.0,50.0,0.0,0,0,0
SARANDI,4.0,16.67,0.0,0,0,0
SENGES,2.0,200.0,0.0,0,0,0
SERTANOPOLIS,2.0,100.0,0.0,0,0,0
SIQUEIRA CAMPOS,2.0,200.0,0.0,0,0,0
TEIXEIRA SOARES,3.0,0,0.0,0,0,0
TELEMACO BORBA,1.0,0,0.0,0,0,0
TERRA BOA,0.0,0.0,0.0,0,0,0
TERRA RICA,0.0,0,0.0,0,0,0
TERRA ROXA,0.0,0,0.0,0,0,0
TIBAGI,1.0,0,0.0,0,0,0
TOLEDO,3.0,60.0,0.0,0,0,0
TOMAZINA,0.0,0.0,0.0,0,0,0
UBIRATA,0.0,0.0,0.0,0,0,0
UMUARAMA,2.0,0,0.0,0,0,0
UNIAO DA VITORIA,2.0,0,0.0,0,0,0
URAI,8.0,0,0.0,0,0,0
WENCESLAU BRAZ,0.0,0.0,0.0,0,0,0
XAMBRE,0.0,0,0.0,0,0,0
BOCAIUVA DO SUL,2.0,200.0,0.0,0,0,0
CAPITAO LEONIDAS MARQUES,9.0,26.47,0.0,0,0,0
CARLOPOLIS,0.0,0.0,0.0,0,0,0
PINHAO,0.0,0,0.0,0,0,0
PIRAI DO SUL,1.0,100.0,0.0,0,0,0
SAO JOAO DO TRIUNFO,0.0,0,0.0,0,0,0
ANGRA DOS REIS,2.0,33.33,0.0,0,0,0
ARARUAMA,0.0,0,0.0,0,0,0
ARMACAO DOS BUZIOS,11.0,61.11,0.0,0,0,0
ARRAIAL DO CABO,0.0,0.0,0.0,0,0,0
BARRA DO PIRAI,4.0,16.67,0.0,0,0,0
BARRA MANSA,0.0,0.0,0.0,0,0,0
BELFORD ROXO,0.0,0.0,0.0,0,0,0
BOM JESUS DO ITABAPOANA,0.0,0.0,0.0,0,0,0
CABO FRIO,0.0,0,0.0,0,0,0
CACHOEIRAS DE MACACU,1.0,50.0,0.0,0,0,0
CAMBUCI,0.0,0,0.0,0,0,0
CAMPOS DOS GOYTACAZES,0.0,0.0,0.0,0,0,0
CARMO,0.0,0.0,0.0,0,0,0
CASIMIRO DE ABREU,0.0,0,0.0,0,0,0
CONCEICAO DE MACABU,7.0,87.5,0.0,0,0,0
CORDEIRO,0.0,0,0.0,0,0,0
DUQUE DE CAXIAS,0.0,0.0,0.0,0,0,0
ENGENHEIRO PAULO DE FRONTIN,0.0,0.0,0.0,0,0,0
GUAPIMIRIM,0.0,0.0,0.0,0,0,0
IGUABA GRANDE,0.0,0.0,0.0,0,0,0
ITABORAI,2.0,0,0.0,0,0,0
ITAGUAI,0.0,0,0.0,0,0,0
ITALVA,0.0,0,0.0,0,0,0
ITAOCARA,0.0,0,0.0,0,0,0
ITAPERUNA,2.0,50.0,0.0,0,0,0
JAPERI,1.0,100.0,0.0,0,0,0
MACAE,0.0,0.0,0.0,0,0,0
MAGE,0.0,0,0.0,0,0,0
MANGARATIBA,0.0,0.0,0.0,0,0,0
MARICA,0.0,0.0,0.0,0,0,0
MENDES,0.0,0.0,0.0,0,0,0
MIGUEL PEREIRA,0.0,0.0,0.0,0,0,0
MIRACEMA,0.0,0.0,0.0,0,0,0
NATIVIDADE,0.0,0.0,0.0,0,0,0
NITEROI,0.0,0.0,0.0,0,0,0
NOVA FRIBURGO,0.0,0.0,0.0,0,0,0
NOVA IGUACU,0.0,0.0,0.0,0,0,0
PARACAMBI,3.0,37.5,0.0,0,0,0
PARAIBA DO SUL,0.0,0.0,0.0,0,0,0
PARATI,2.0,0,0.0,0,0,0
PETROPOLIS,2.0,28.57,0.0,0,0,0
PIRAI,0.0,0,0.0,0,0,0
PORCIUNCULA,0.0,0.0,0.0,0,0,0
PORTO REAL,0.0,0,0.0,0,0,0
QUEIMADOS,0.0,0,0.0,0,0,0
QUISSAMA,0.0,0.0,0.0,0,0,0
RESENDE,1.0,20.0,0.0,0,0,0
RIO BONITO,0.0,0.0,0.0,0,0,0
RIO CLARO,57.0,111.76,0.0,0,0,0
RIO DAS OSTRAS,0.0,0.0,0.0,0,0,0
RIO DE JANEIRO,17.0,32.08,0.0,0,0,0
SANTO ANTONIO DE PADUA,0.0,0.0,0.0,0,0,0
SAO FIDELIS,0.0,0,0.0,0,0,0
SAO FRANCISCO DE ITABAPOANA,0.0,0.0,0.0,0,0,0
SAO GONCALO,1.0,100.0,0.0,0,0,0
SAO JOAO DA BARRA,1.0,6.25,0.0,0,0,0
SAO JOAO DE MERITI,0.0,0.0,0.0,0,0,0
SAO PEDRO DA ALDEIA,0.0,0.0,0.0,0,0,0
SAO SEBASTIAO DO ALTO,0.0,0,0.0,0,0,0
SAPUCAIA,0.0,0,0.0,0,0,0
SAQUAREMA,0.0,0.0,0.0,0,0,0
SEROPEDICA,0.0,0.0,0.0,0,0,0
SILVA JARDIM,1.0,10.0,0.0,0,0,0
SUMIDOURO,0.0,0.0,0.0,0,0,0
TERESOPOLIS,0.0,0.0,0.0,0,0,0
TRES RIOS,1.0,3.45,0.0,0,0,0
VASSOURAS,0.0,0,0.0,0,0,0
VOLTA REDONDA,0.0,0,0.0,0,0,0
NILOPOLIS,0.0,0,0.0,0,0,0
SAO JOSE DO VALE DO RIO PRETO,0.0,0.0,0.0,0,0,0
ACARI,0.0,0.0,0.0,0,0,0
ALEXANDRIA,16.0,72.73,0.0,0,0,0
ANGICOS,22.0,73.33,0.0,0,0,0
APODI,0.0,0.0,0.0,0,0,0
AREIA BRANCA,15.0,44.12,0.0,0,0,0
AÇU,30.0,93.75,0.0,0,0,0
CAICO,4.0,22.22,0.0,0,0,0
CANGUARETAMA,1.0,33.33,0.0,0,0,0
CARAUBAS,0.0,0,0.0,0,0,0
CEARA-MIRIM,16.0,42.11,0.0,0,0,0
CURRAIS NOVOS,0.0,0.0,0.0,0,0,0
EXTREMOZ,24.0,85.71,0.0,0,0,0
FLORANIA,0.0,0.0,0.0,0,0,0
GOIANINHA,0.0,0.0,0.0,0,0,0
JOAO CAMARA,17.0,36.96,0.0,0,0,0
JUCURUTU,0.0,0,0.0,0,0,0
LAJES,34.0,97.14,0.0,0,0,0
LUIS GOMES,16.0,100.0,0.0,0,0,0
MACAIBA,23.0,63.89,0.0,0,0,0
MACAU,1.0,25.0,0.0,0,0,0
MARTINS,0.0,0.0,0.0,0,0,0
MOSSORO,6.0,35.29,0.0,0,0,0
NATAL,38.0,52.78,0.0,0,0,0
NISIA FLORESTA,2.0,8.7,0.0,0,0,0
NOVA CRUZ,1.0,0,0.0,0,0,0
PARELHAS,0.0,0,0.0,0,0,0
PATU,26.0,96.3,0.0,0,0,0
PAU DOS FERROS,20.0,76.92,0.0,0,0,0
PENDENCIAS,0.0,0.0,0.0,0,0,0
PORTALEGRE,12.0,57.14,0.0,0,0,0
SANTA CRUZ,19.0,35.85,0.0,0,0,0
SANTO ANTONIO,6.0,21.43,0.0,0,0,0
SAO BENTO DO NORTE,4.0,21.05,0.0,0,0,0
SAO JOSE DE MIPIBU,12.0,63.16,0.0,0,0,0
SAO JOSE DO CAMPESTRE,0.0,0.0,0.0,0,0,0
SAO MIGUEL,18.0,69.23,0.0,0,0,0
SAO PAULO DO POTENGI,35.0,106.06,0.0,0,0,0
SAO TOME,0.0,0.0,0.0,0,0,0
TANGARA,3.0,37.5,0.0,0,0,0
UMARIZAL,18.0,69.23,0.0,0,0,0
TOUROS,0.0,0.0,0.0,0,0,0
ALTA FLORESTA D OESTE,0.0,0,0.0,0,0,0
ALVORADA D OESTE,0.0,0.0,0.0,0,0,0
ARIQUEMES,0.0,0.0,0.0,0,0,0
CACOAL,2.0,0,0.0,0,0,0
CEREJEIRAS,0.0,0,0.0,0,0,0
COLORADO DO OESTE,0.0,0.0,0.0,0,0,0
COSTA MARQUES,0.0,0,0.0,0,0,0
ESPIGAO D OESTE,1.0,0,0.0,0,0,0
GUAJARA-MIRIM,1.0,50.0,0.0,0,0,0
JARU,1.0,100.0,0.0,0,0,0
JI-PARANA,4.0,0,0.0,0,0,0
MACHADINHO D OESTE,6.0,0,0.0,0,0,0
OURO PRETO DO OESTE,2.0,100.0,0.0,0,0,0
PIMENTA BUENO,2.0,200.0,0.0,0,0,0
PORTO VELHO,65.0,114.04,0.0,0,0,0
ROLIM DE MOURA,1.0,4.35,0.0,0,0,0
SANTA LUZIA D OESTE,1.0,0,0.0,0,0,0
SAO MIGUEL DO GUAPORE,0.0,0.0,0.0,0,0,0
VILHENA,0.0,0,0.0,0,0,0
NOVA BRASILANDIA D OESTE,0.0,0,0.0,0,0,0
ALTO ALEGRE,1.0,100.0,0.0,0,0,0
BOA VISTA,15.0,34.88,0.0,0,0,0
CARACARAI,0.0,0,0.0,0,0,0
MUCAJAI,0.0,0.0,0.0,0,0,0
PACARAIMA,0.0,0.0,0.0,0,0,0
RORAINOPOLIS,0.0,0,0.0,0,0,0
SAO LUIZ,0.0,0,0.0,0,0,0
ALEGRETE,6.0,60.0,0.0,0,0,0
ALVORADA,7.0,70.0,0.0,0,0,0
ANTONIO PRADO,0.0,0,0.0,0,0,0
ARROIO DO MEIO,2.0,66.67,0.0,0,0,0
ARROIO DO TIGRE,2.0,0,0.0,0,0,0
ARROIO GRANDE,7.0,58.33,0.0,0,0,0
ARVOREZINHA,2.0,100.0,0.0,0,0,0
AUGUSTO PESTANA,3.0,100.0,0.0,0,0,0
BAGÉ,12.0,100.0,0.0,0,0,0
BENTO GONCALVES,0.0,0,0.0,0,0,0
CACAPAVA DO SUL,3.0,33.33,0.0,0,0,0
CACHOEIRA DO SUL,3.0,33.33,0.0,0,0,0
CACHOEIRINHA,0.0,0.0,0.0,0,0,0
CAMAQUA,0.0,0.0,0.0,0,0,0
CAMPINA DAS MISSOES,5.0,62.5,0.0,0,0,0
CAMPO BOM,0.0,0,0.0,0,0,0
CANELA,0.0,0,0.0,0,0,0
CANOAS,2.0,7.69,0.0,0,0,0
CAPAO DA CANOA,0.0,0.0,0.0,0,0,0
CARAZINHO,13.0,43.33,0.0,0,0,0
CARLOS BARBOSA,1.0,50.0,0.0,0,0,0
CASCA,5.0,71.43,0.0,0,0,0
CAXIAS DO SUL,6.0,50.0,0.0,0,0,0
CERRO LARGO,0.0,0,0.0,0,0,0
CONSTANTINA,3.0,75.0,0.0,0,0,0
CORONEL BICACO,1.0,50.0,0.0,0,0,0
CRISSIUMAL,9.0,37.5,0.0,0,0,0
CRUZ ALTA,1.0,100.0,0.0,0,0,0
DOIS IRMAOS,0.0,0.0,0.0,0,0,0
DOM PEDRITO,1.0,25.0,0.0,0,0,0
ENCANTADO,0.0,0.0,0.0,0,0,0
ENCRUZILHADA DO SUL,1.0,12.5,0.0,0,0,0
ERECHIM,13.0,56.52,0.0,0,0,0
ESPUMOSO,7.0,350.0,0.0,0,0,0
ESTANCIA VELHA,3.0,100.0,0.0,0,0,0
ESTEIO,0.0,0.0,0.0,0,0,0
ESTRELA,0.0,0,0.0,0,0,0
FAXINAL DO SOTURNO,31.0,100.0,0.0,0,0,0
FELIZ,9.0,81.82,0.0,0,0,0
FREDERICO WESTPHALEN,8.0,57.14,0.0,0,0,0
GARIBALDI,0.0,0.0,0.0,0,0,0
GAURAMA,0.0,0.0,0.0,0,0,0
GETULIO VARGAS,3.0,100.0,0.0,0,0,0
GIRUA,0.0,0,0.0,0,0,0
GRAVATAI,2.0,8.0,0.0,0,0,0
GUAIBA,9.0,64.29,0.0,0,0,0
GUAPORE,4.0,100.0,0.0,0,0,0
HORIZONTINA,1.0,100.0,0.0,0,0,0
IBIRUBA,0.0,0.0,0.0,0,0,0
IGREJINHA,3.0,150.0,0.0,0,0,0
IJUI,17.0,48.57,0.0,0,0,0
ITAQUI,0.0,0,0.0,0,0,0
JAGUARAO,2.0,66.67,0.0,0,0,0
JAGUARI,0.0,0.0,0.0,0,0,0
JULIO DE CASTILHOS,0.0,0.0,0.0,0,0,0
LAGOA VERMELHA,5.0,55.56,0.0,0,0,0
LAJEADO,2.0,50.0,0.0,0,0,0
MARAU,1.0,25.0,0.0,0,0,0
MONTENEGRO,0.0,0.0,0.0,0,0,0
MOSTARDAS,3.0,50.0,0.0,0,0,0
NAO-ME-TOQUE,2.0,28.57,0.0,0,0,0
NONOAI,16.0,66.67,0.0,0,0,0
NOVA PETROPOLIS,1.0,33.33,0.0,0,0,0
NOVA PRATA,5.0,166.67,0.0,0,0,0
NOVO HAMBURGO,2.0,28.57,0.0,0,0,0
OSORIO,3.0,11.11,0.0,0,0,0
PALMARES DO SUL,0.0,0.0,0.0,0,0,0
PALMEIRA DAS MISSOES,10.0,38.46,0.0,0,0,0
PANAMBI,0.0,0.0,0.0,0,0,0
PASSO FUNDO,7.0,46.67,0.0,0,0,0
PELOTAS,21.0,95.45,0.0,0,0,0
PINHEIRO MACHADO,2.0,66.67,0.0,0,0,0
PIRATINI,4.0,50.0,0.0,0,0,0
PLANALTO,0.0,0,0.0,0,0,0
PORTO ALEGRE,120.0,107.14,0.0,0,0,0
QUARAI,0.0,0.0,0.0,0,0,0
RESTINGA SECA,0.0,0,0.0,0,0,0
RIO GRANDE,0.0,0.0,0.0,0,0,0
RIO PARDO,2.0,100.0,0.0,0,0,0
RODEIO BONITO,2.0,33.33,0.0,0,0,0
ROSARIO DO SUL,1.0,25.0,0.0,0,0,0
SANANDUVA,0.0,0.0,0.0,0,0,0
SANTA CRUZ DO SUL,5.0,500.0,0.0,0,0,0
SANTA ROSA,1.0,25.0,0.0,0,0,0
SANTA VITORIA DO PALMAR,0.0,0,0.0,0,0,0
SANTANA DO LIVRAMENTO,6.0,100.0,0.0,0,0,0
SANTIAGO,0.0,0.0,0.0,0,0,0
SANTO ANGELO,0.0,0,0.0,0,0,0
SANTO ANTONIO DA PATRULHA,1.0,20.0,0.0,0,0,0
SANTO ANTONIO DAS MISSOES,0.0,0.0,0.0,0,0,0
SANTO AUGUSTO,2.0,0,0.0,0,0,0
SANTO CRISTO,5.0,100.0,0.0,0,0,0
SAO BORJA,3.0,75.0,0.0,0,0,0
SAO FRANCISCO DE ASSIS,1.0,0,0.0,0,0,0
SAO FRANCISCO DE PAULA,2.0,200.0,0.0,0,0,0
SAO GABRIEL,5.0,125.0,0.0,0,0,0
SAO JERONIMO,2.0,200.0,0.0,0,0,0
SAO JOSE DO NORTE,1.0,20.0,0.0,0,0,0
SAO JOSE DO OURO,1.0,50.0,0.0,0,0,0
SAO LEOPOLDO,0.0,0.0,0.0,0,0,0
SAO LOURENCO DO SUL,3.0,37.5,0.0,0,0,0
SAO LUIZ GONZAGA,5.0,100.0,0.0,0,0,0
SAO PEDRO DO SUL,4.0,40.0,0.0,0,0,0
SAO SEBASTIAO DO CAI,9.0,75.0,0.0,0,0,0
SAO SEPE,5.0,83.33,0.0,0,0,0
SAO VALENTIM,0.0,0,0.0,0,0,0
SAO VICENTE DO SUL,3.0,60.0,0.0,0,0,0
SAPIRANGA,7.0,77.78,0.0,0,0,0
SAPUCAIA DO SUL,3.0,16.67,0.0,0,0,0
SEBERI,0.0,0,0.0,0,0,0
TAPEJARA,0.0,0.0,0.0,0,0,0
TAPES,11.0,91.67,0.0,0,0,0
TAQUARA,5.0,25.0,0.0,0,0,0
TAQUARI,1.0,33.33,0.0,0,0,0
TENENTE PORTELA,2.0,20.0,0.0,0,0,0
TORRES,7.0,77.78,0.0,0,0,0
TRAMANDAI,35.0,61.4,0.0,0,0,0
TRES DE MAIO,1.0,14.29,0.0,0,0,0
TRES PASSOS,1.0,33.33,0.0,0,0,0
TRIUNFO,0.0,0,0.0,0,0,0
TUPANCIRETA,1.0,50.0,0.0,0,0,0
URUGUAIANA,3.0,37.5,0.0,0,0,0
VACARIA,2.0,15.38,0.0,0,0,0
VENANCIO AIRES,0.0,0,0.0,0,0,0
VERANOPOLIS,3.0,100.0,0.0,0,0,0
VIAMAO,1.0,4.55,0.0,0,0,0
BARRA DO RIBEIRO,2.0,25.0,0.0,0,0,0
BUTIA,0.0,0.0,0.0,0,0,0
CANDELARIA,4.0,200.0,0.0,0,0,0
CANGUCU,1.0,33.33,0.0,0,0,0
FARROUPILHA,0.0,0,0.0,0,0,0
FLORES DA CUNHA,0.0,0,0.0,0,0,0
PEDRO OSORIO,0.0,0,0.0,0,0,0
SAO MARCOS,0.0,0,0.0,0,0,0
TEUTONIA,0.0,0,0.0,0,0,0
ABELARDO LUZ,0.0,0.0,0.0,0,0,0
ANITA GARIBALDI,2.0,50.0,0.0,0,0,0
ARARANGUA,0.0,0.0,0.0,0,0,0
BALNEARIO CAMBORIU,1.0,8.33,0.0,0,0,0
BALNEÁRIO PIÇARRAS,0.0,0.0,0.0,0,0,0
BIGUACU,9.0,100.0,0.0,0,0,0
BLUMENAU,0.0,0.0,0.0,0,0,0
BOM RETIRO,0.0,0.0,0.0,0,0,0
BRACO DO NORTE,7.0,77.78,0.0,0,0,0
BRUSQUE,2.0,15.38,0.0,0,0,0
CACADOR,0.0,0,0.0,0,0,0
CAMPO ERE,0.0,0,0.0,0,0,0
CAMPOS NOVOS,2.0,18.18,0.0,0,0,0
CANOINHAS,0.0,0,0.0,0,0,0
CAPINZAL,22.0,88.0,0.0,0,0,0
CHAPECO,5.0,31.25,0.0,0,0,0
CONCORDIA,0.0,0.0,0.0,0,0,0
CRICIUMA,4.0,50.0,0.0,0,0,0
CURITIBANOS,0.0,0,0.0,0,0,0
DIONISIO CERQUEIRA,1.0,0,0.0,0,0,0
FLORIANOPOLIS,30.0,61.22,0.0,0,0,0
FRAIBURGO,0.0,0.0,0.0,0,0,0
GASPAR,2.0,40.0,0.0,0,0,0
GUARAMIRIM,0.0,0.0,0.0,0,0,0
IBIRAMA,1.0,100.0,0.0,0,0,0
ICARA,1.0,33.33,0.0,0,0,0
IMBITUBA,8.0,34.78,0.0,0,0,0
INDAIAL,0.0,0,0.0,0,0,0
ITAIOPOLIS,0.0,0,0.0,0,0,0
ITAJAI,0.0,0.0,0.0,0,0,0
ITAPEMA,0.0,0.0,0.0,0,0,0
ITUPORANGA,0.0,0,0.0,0,0,0
JARAGUA DO SUL,0.0,0.0,0.0,0,0,0
JOACABA,0.0,0.0,0.0,0,0,0
JOINVILLE,0.0,0.0,0.0,0,0,0
LAGES,1.0,50.0,0.0,0,0,0
LAGUNA,0.0,0.0,0.0,0,0,0
MAFRA,1.0,50.0,0.0,0,0,0
MODELO,0.0,0,0.0,0,0,0
NAVEGANTES,0.0,0.0,0.0,0,0,0
ORLEANS,0.0,0.0,0.0,0,0,0
PALHOCA,1.0,20.0,0.0,0,0,0
PALMITOS,1.0,100.0,0.0,0,0,0
PAPANDUVA,1.0,100.0,0.0,0,0,0
PINHALZINHO,0.0,0.0,0.0,0,0,0
POMERODE,0.0,0,0.0,0,0,0
PONTE SERRADA,0.0,0.0,0.0,0,0,0
PORTO UNIAO,0.0,0.0,0.0,0,0,0
QUILOMBO,3.0,42.86,0.0,0,0,0
RIO DO SUL,1.0,2.22,0.0,0,0,0
RIO NEGRINHO,0.0,0,0.0,0,0,0
SANTA CECILIA,6.0,54.55,0.0,0,0,0
SANTO AMARO DA IMPERATRIZ,8.0,61.54,0.0,0,0,0
SAO BENTO DO SUL,0.0,0.0,0.0,0,0,0
SAO CARLOS,5.0,500.0,0.0,0,0,0
SAO FRANCISCO DO SUL,2.0,7.69,0.0,0,0,0
SAO JOAQUIM,0.0,0,0.0,0,0,0
SAO JOSE,2.0,66.67,0.0,0,0,0
SAO LOURENCO DO OESTE,0.0,0.0,0.0,0,0,0
SAO MIGUEL DO OESTE,0.0,0.0,0.0,0,0,0
SEARA,1.0,100.0,0.0,0,0,0
SOMBRIO,117.0,205.26,0.0,0,0,0
TAIO,0.0,0,0.0,0,0,0
TIJUCAS,1.0,50.0,0.0,0,0,0
TIMBO,0.0,0.0,0.0,0,0,0
TROMBUDO CENTRAL,0.0,0.0,0.0,0,0,0
TUBARAO,6.0,46.15,0.0,0,0,0
TURVO,3.0,0,0.0,0,0,0
URUSSANGA,2.0,66.67,0.0,0,0,0
VIDEIRA,0.0,0.0,0.0,0,0,0
XANXERE,2.0,16.67,0.0,0,0,0
XAXIM,0.0,0,0.0,0,0,0
IMARUI,0.0,0,0.0,0,0,0
AQUIDABA,9.0,225.0,0.0,0,0,0
ARACAJU,26.0,49.06,0.0,0,0,0
BOQUIM,0.0,0,0.0,0,0,0
CAMPO DO BRITO,0.0,0,0.0,0,0,0
CANINDE DE SAO FRANCISCO,1.0,16.67,0.0,0,0,0
CAPELA,2.0,0,0.0,0,0,0
CARIRA,0.0,0,0.0,0,0,0
CRISTINAPOLIS,28.0,116.67,0.0,0,0,0
ESTANCIA,1.0,16.67,0.0,0,0,0
GARARU,0.0,0.0,0.0,0,0,0
ITAPORANGA D AJUDA,10.0,40.0,0.0,0,0,0
JAPARATUBA,2.0,0,0.0,0,0,0
LAGARTO,0.0,0.0,0.0,0,0,0
LARANJEIRAS,2.0,100.0,0.0,0,0,0
MARUIM,2.0,100.0,0.0,0,0,0
NEOPOLIS,0.0,0.0,0.0,0,0,0
NOSSA SENHORA DA GLORIA,0.0,0,0.0,0,0,0
NOSSA SENHORA DAS DORES,13.0,65.0,0.0,0,0,0
NOSSA SENHORA DO SOCORRO,1.0,0,0.0,0,0,0
PORTO DA FOLHA,4.0,26.67,0.0,0,0,0
PROPRIA,0.0,0,0.0,0,0,0
RIBEIROPOLIS,2.0,0,0.0,0,0,0
SAO CRISTOVAO,1.0,100.0,0.0,0,0,0
SIMAO DIAS,5.0,35.71,0.0,0,0,0
TOBIAS BARRETO,1.0,0,0.0,0,0,0
UMBAUBA,1.0,7.14,0.0,0,0,0
ADAMANTINA,3.0,75.0,0.0,0,0,0
AGUDOS,0.0,0.0,0.0,0,0,0
ALTINÓPOLIS,11.0,100.0,0.0,0,0,0
AMERICANA,10.0,500.0,0.0,0,0,0
AMERICO BRASILIENSE,0.0,0.0,0.0,0,0,0
AMPARO,8.0,100.0,0.0,0,0,0
ANDRADINA,12.0,92.31,0.0,0,0,0
ANGATUBA,0.0,0.0,0.0,0,0,0
APARECIDA,1.0,100.0,0.0,0,0,0
APIAI,77.0,160.42,0.0,0,0,0
ARACATUBA,2.0,66.67,0.0,0,0,0
ARARAQUARA,2.0,100.0,0.0,0,0,0
ARARAS,5.0,20.83,0.0,0,0,0
ARUJA,28.0,112.0,0.0,0,0,0
ASSIS,9.0,37.5,0.0,0,0,0
ATIBAIA,15.0,75.0,0.0,0,0,0
AURIFLAMA,2.0,200.0,0.0,0,0,0
AVARE,7.0,116.67,0.0,0,0,0
BANANAL,2.0,0,0.0,0,0,0
BARRA BONITA,14.0,1400.0,0.0,0,0,0
BARRETOS,2.0,100.0,0.0,0,0,0
BARUERI,5.0,55.56,0.0,0,0,0
BATATAIS,3.0,50.0,0.0,0,0,0
BAURU,16.0,80.0,0.0,0,0,0
BEBEDOURO,1.0,11.11,0.0,0,0,0
BILAC,0.0,0,0.0,0,0,0
BIRIGUI,4.0,66.67,0.0,0,0,0
BOITUVA,16.0,106.67,0.0,0,0,0
BOTUCATU,0.0,0,0.0,0,0,0
BRAGANCA PAULISTA,10.0,71.43,0.0,0,0,0
BROTAS,0.0,0,0.0,0,0,0
BURITAMA,28.0,215.38,0.0,0,0,0
CACAPAVA,9.0,450.0,0.0,0,0,0
CACHOEIRA PAULISTA,1.0,0,0.0,0,0,0
CACONDE,27.0,117.39,0.0,0,0,0
CAFELANDIA,25.0,86.21,0.0,0,0,0
CAJAMAR,0.0,0,0.0,0,0,0
CAJURU,0.0,0,0.0,0,0,0
CAMPINAS,51.0,196.15,0.0,0,0,0
CAMPO LIMPO PAULISTA,3.0,0,0.0,0,0,0
CAMPOS DO JORDAO,10.0,1000.0,0.0,0,0,0
CANANEIA,2.0,0,0.0,0,0,0
CANDIDO MOTA,0.0,0.0,0.0,0,0,0
CAPAO BONITO,1.0,12.5,0.0,0,0,0
CAPIVARI,7.0,31.82,0.0,0,0,0
CARAGUATATUBA,0.0,0.0,0.0,0,0,0
CARAPICUIBA,2.0,13.33,0.0,0,0,0
CARDOSO,6.0,20.69,0.0,0,0,0
CASA BRANCA,3.0,33.33,0.0,0,0,0
CATANDUVA,6.0,120.0,0.0,0,0,0
CERQUEIRA CESAR,13.0,260.0,0.0,0,0,0
CERQUILHO,0.0,0.0,0.0,0,0,0
CONCHAS,0.0,0.0,0.0,0,0,0
CORDEIROPOLIS,6.0,75.0,0.0,0,0,0
COSMOPOLIS,6.0,200.0,0.0,0,0,0
COTIA,8.0,80.0,0.0,0,0,0
CUBATAO,9.0,50.0,0.0,0,0,0
CUNHA,0.0,0.0,0.0,0,0,0
DIADEMA,15.0,88.24,0.0,0,0,0
DOIS CORREGOS,34.0,121.43,0.0,0,0,0
DRACENA,0.0,0,0.0,0,0,0
DUARTINA,2.0,200.0,0.0,0,0,0
EMBU DAS ARTES,6.0,66.67,0.0,0,0,0
EMBU-GUAÇU,1.0,25.0,0.0,0,0,0
ESPIRITO SANTO DO PINHAL,7.0,100.0,0.0,0,0,0
ESTRELA D OESTE,0.0,0,0.0,0,0,0
FARTURA,5.0,35.71,0.0,0,0,0
FERNANDOPOLIS,0.0,0.0,0.0,0,0,0
FERRAZ DE VASCONCELOS,3.0,33.33,0.0,0,0,0
FRANCA,5.0,62.5,0.0,0,0,0
FRANCISCO MORATO,2.0,20.0,0.0,0,0,0
FRANCO DA ROCHA,7.0,100.0,0.0,0,0,0
GARCA,35.0,76.09,0.0,0,0,0
GUARATINGUETA,0.0,0,0.0,0,0,0
GUARUJA,23.0,164.29,0.0,0,0,0
GUARULHOS,40.0,235.29,0.0,0,0,0
HORTOLANDIA,3.0,33.33,0.0,0,0,0
IBITINGA,2.0,200.0,0.0,0,0,0
IBIUNA,34.0,212.5,0.0,0,0,0
IGARAPAVA,30.0,83.33,0.0,0,0,0
IGUAPE,16.0,59.26,0.0,0,0,0
ILHA SOLTEIRA,0.0,0,0.0,0,0,0
INDAIATUBA,7.0,87.5,0.0,0,0,0
ITANHAEM,7.0,38.89,0.0,0,0,0
ITAPECERICA DA SERRA,10.0,200.0,0.0,0,0,0
ITAPETININGA,5.0,250.0,0.0,0,0,0
ITAPEVA,9.0,18.0,0.0,0,0,0
ITAPEVI,5.0,33.33,0.0,0,0,0
ITAPIRA,2.0,20.0,0.0,0,0,0
ITAPOLIS,0.0,0,0.0,0,0,0
ITAQUAQUECETUBA,2.0,33.33,0.0,0,0,0
ITARARE,0.0,0,0.0,0,0,0
ITATIBA,4.0,20.0,0.0,0,0,0
ITU,1.0,12.5,0.0,0,0,0
ITUVERAVA,8.0,100.0,0.0,0,0,0
JABOTICABAL,7.0,36.84,0.0,0,0,0
JACAREI,4.0,19.05,0.0,0,0,0
JACUPIRANGA,23.0,74.19,0.0,0,0,0
JALES,1.0,14.29,0.0,0,0,0
JANDIRA,41.0,186.36,0.0,0,0,0
JARDINOPOLIS,0.0,0,0.0,0,0,0
JAU,0.0,0,0.0,0,0,0
JOSE BONIFACIO,20.0,71.43,0.0,0,0,0
JUNDIAI,8.0,80.0,0.0,0,0,0
JUNQUEIROPOLIS,0.0,0.0,0.0,0,0,0
JUQUIA,0.0,0,0.0,0,0,0
LEME,1.0,25.0,0.0,0,0,0
LENCOIS PAULISTA,18.0,72.0,0.0,0,0,0
LIMEIRA,1.0,100.0,0.0,0,0,0
LINS,3.0,100.0,0.0,0,0,0
LUCELIA,2.0,0,0.0,0,0,0
MAIRIPORA,3.0,0,0.0,0,0,0
MARILIA,15.0,500.0,0.0,0,0,0
MARTINOPOLIS,11.0,31.43,0.0,0,0,0
MATAO,2.0,100.0,0.0,0,0,0
MAUA,8.0,50.0,0.0,0,0,0
MIGUELOPOLIS,2.0,33.33,0.0,0,0,0
MIRACATU,1.0,0,0.0,0,0,0
MIRASSOL,0.0,0.0,0.0,0,0,0
MOCOCA,11.0,110.0,0.0,0,0,0
MOGI DAS CRUZES,14.0,116.67,0.0,0,0,0
MOGI GUAÇU,2.0,50.0,0.0,0,0,0
MOJI MIRIM,6.0,17.14,0.0,0,0,0
MONTE ALTO,5.0,33.33,0.0,0,0,0
MONTE APRAZIVEL,2.0,200.0,0.0,0,0,0
MONTE AZUL PAULISTA,0.0,0,0.0,0,0,0
MONTE MOR,0.0,0,0.0,0,0,0
MORRO AGUDO,0.0,0.0,0.0,0,0,0
NHANDEARA,4.0,200.0,0.0,0,0,0
NOVA GRANADA,3.0,16.67,0.0,0,0,0
NOVA ODESSA,3.0,50.0,0.0,0,0,0
NOVO HORIZONTE,2.0,200.0,0.0,0,0,0
OLIMPIA,2.0,50.0,0.0,0,0,0
ORLANDIA,6.0,40.0,0.0,0,0,0
OSASCO,4.0,28.57,0.0,0,0,0
OSVALDO CRUZ,1.0,50.0,0.0,0,0,0
OURINHOS,17.0,68.0,0.0,0,0,0
PALMEIRA D OESTE,2.0,200.0,0.0,0,0,0
PARAGUACU PAULISTA,0.0,0,0.0,0,0,0
PARAIBUNA,0.0,0.0,0.0,0,0,0
PAULINIA,14.0,58.33,0.0,0,0,0
PAULO DE FARIA,0.0,0,0.0,0,0,0
PEDERNEIRAS,1.0,50.0,0.0,0,0,0
PEDREGULHO,8.0,100.0,0.0,0,0,0
PEDREIRA,4.0,0,0.0,0,0,0
PENAPOLIS,4.0,57.14,0.0,0,0,0
PEREIRA BARRETO,5.0,125.0,0.0,0,0,0
PERUIBE,0.0,0.0,0.0,0,0,0
PIEDADE,5.0,100.0,0.0,0,0,0
PINDAMONHANGABA,17.0,65.38,0.0,0,0,0
PIRACAIA,2.0,22.22,0.0,0,0,0
PIRACICABA,5.0,26.32,0.0,0,0,0
PIRAJU,6.0,150.0,0.0,0,0,0
PIRAJUI,1.0,7.69,0.0,0,0,0
PIRAPOZINHO,26.0,236.36,0.0,0,0,0
PIRASSUNUNGA,0.0,0,0.0,0,0,0
PITANGUEIRAS,4.0,20.0,0.0,0,0,0
POA,9.0,64.29,0.0,0,0,0
POMPEIA,4.0,200.0,0.0,0,0,0
PORTO FELIZ,0.0,0.0,0.0,0,0,0
PRAIA GRANDE,12.0,1200.0,0.0,0,0,0
PRESIDENTE BERNARDES,4.0,50.0,0.0,0,0,0
PRESIDENTE EPITACIO,5.0,125.0,0.0,0,0,0
PRESIDENTE PRUDENTE,31.0,103.33,0.0,0,0,0
PRESIDENTE VENCESLAU,2.0,100.0,0.0,0,0,0
PROMISSAO,0.0,0.0,0.0,0,0,0
RANCHARIA,7.0,175.0,0.0,0,0,0
REGENTE FEIJO,0.0,0,0.0,0,0,0
REGISTRO,6.0,85.71,0.0,0,0,0
RIBEIRAO BONITO,3.0,21.43,0.0,0,0,0
RIBEIRAO PIRES,8.0,61.54,0.0,0,0,0
RIBEIRAO PRETO,12.0,109.09,0.0,0,0,0
SANTA ADELIA,0.0,0,0.0,0,0,0
SANTA BARBARA D OESTE,1.0,0,0.0,0,0,0
SANTA CRUZ DO RIO PARDO,16.0,123.08,0.0,0,0,0
SANTA FE DO SUL,6.0,100.0,0.0,0,0,0
SANTA ISABEL,8.0,72.73,0.0,0,0,0
SANTA RITA DO PASSA QUATRO,1.0,5.0,0.0,0,0,0
SANTANA DE PARNAIBA,3.0,100.0,0.0,0,0,0
SANTO ANASTACIO,11.0,44.0,0.0,0,0,0
SANTO ANDRE,16.0,76.19,0.0,0,0,0
SANTOS,11.0,50.0,0.0,0,0,0
SAO BERNARDO DO CAMPO,7.0,25.93,0.0,0,0,0
SAO CAETANO DO SUL,13.0,130.0,0.0,0,0,0
SAO JOAO DA BOA VISTA,4.0,100.0,0.0,0,0,0
SAO JOAQUIM DA BARRA,1.0,50.0,0.0,0,0,0
SAO JOSE DO RIO PARDO,12.0,70.59,0.0,0,0,0
SAO JOSE DO RIO PRETO,31.0,65.96,0.0,0,0,0
SAO JOSE DOS CAMPOS,4.0,36.36,0.0,0,0,0
SAO LUIS DO PARAITINGA,7.0,24.14,0.0,0,0,0
SAO MANUEL,0.0,0.0,0.0,0,0,0
SAO MIGUEL ARCANJO,7.0,26.92,0.0,0,0,0
SAO PAULO,352.0,142.51,0.0,0,0,0
SAO PEDRO,2.0,5.41,0.0,0,0,0
SAO ROQUE,9.0,225.0,0.0,0,0,0
SAO SIMAO,10.0,30.3,0.0,0,0,0
SAO VICENTE,17.0,113.33,0.0,0,0,0
SERRA NEGRA,10.0,90.91,0.0,0,0,0
SERRANA,1.0,0,0.0,0,0,0
SERTAOZINHO,2.0,200.0,0.0,0,0,0
SOCORRO,2.0,200.0,0.0,0,0,0
SOROCABA,19.0,67.86,0.0,0,0,0
SUMARE,3.0,42.86,0.0,0,0,0
SUZANO,6.0,60.0,0.0,0,0,0
TABOAO DA SERRA,7.0,58.33,0.0,0,0,0
TANABI,15.0,65.22,0.0,0,0,0
TAQUARITINGA,2.0,66.67,0.0,0,0,0
TAQUARITUBA,2.0,22.22,0.0,0,0,0
TATUI,10.0,125.0,0.0,0,0,0
TAUBATE,32.0,400.0,0.0,0,0,0
TEODORO SAMPAIO,30.0,300.0,0.0,0,0,0
TIETE,3.0,60.0,0.0,0,0,0
TREMEMBE,3.0,100.0,0.0,0,0,0
TUPI PAULISTA,2.0,0,0.0,0,0,0
TUPÃ,2.0,100.0,0.0,0,0,0
UBATUBA,2.0,0,0.0,0,0,0
URUPES,1.0,25.0,0.0,0,0,0
VALINHOS,1.0,0,0.0,0,0,0
VALPARAISO,0.0,0.0,0.0,0,0,0
VARGEM GRANDE DO SUL,6.0,37.5,0.0,0,0,0
VARZEA PAULISTA,0.0,0.0,0.0,0,0,0
VINHEDO,1.0,100.0,0.0,0,0,0
VOTORANTIM,1.0,7.14,0.0,0,0,0
VOTUPORANGA,25.0,80.65,0.0,0,0,0
BARIRI,1.0,4.17,0.0,0,0,0
COLINA,1.0,100.0,0.0,0,0,0
DESCALVADO,0.0,0,0.0,0,0,0
GUARARAPES,13.0,325.0,0.0,0,0,0
GUARIBA,4.0,0,0.0,0,0,0
LORENA,37.0,97.37,0.0,0,0,0
MIRANDOPOLIS,0.0,0,0.0,0,0,0
PORTO FERREIRA,1.0,12.5,0.0,0,0,0
SALTO,1.0,50.0,0.0,0,0,0
SANTA BRANCA,1.0,50.0,0.0,0,0,0
ARAGUAINA,12.0,85.71,0.0,0,0,0
ARAGUATINS,1.0,100.0,0.0,0,0,0
ARAPOEMA,1.0,50.0,0.0,0,0,0
ARRAIAS,0.0,0,0.0,0,0,0
AUGUSTINOPOLIS,1.0,100.0,0.0,0,0,0
COLINAS DO TOCANTINS,0.0,0.0,0.0,0,0,0
COLMEIA,3.0,300.0,0.0,0,0,0
CRISTALANDIA,0.0,0.0,0.0,0,0,0
DIANOPOLIS,0.0,0.0,0.0,0,0,0
FILADELFIA,2.0,0,0.0,0,0,0
FORMOSO DO ARAGUAIA,0.0,0.0,0.0,0,0,0
GOIATINS,0.0,0.0,0.0,0,0,0
GUARAI,0.0,0,0.0,0,0,0
GURUPI,0.0,0.0,0.0,0,0,0
ITACAJA,0.0,0,0.0,0,0,0
ITAGUATINS,1.0,4.35,0.0,0,0,0
MIRACEMA DO TOCANTINS,3.0,75.0,0.0,0,0,0
MIRANORTE,0.0,0,0.0,0,0,0
NOVO ACORDO,2.0,100.0,0.0,0,0,0
PARAISO DO TOCANTINS,11.0,84.62,0.0,0,0,0
PARANA,0.0,0.0,0.0,0,0,0
PEDRO AFONSO,0.0,0.0,0.0,0,0,0
PEIXE,1.0,100.0,0.0,0,0,0
PONTE ALTA DO TOCANTINS,0.0,0.0,0.0,0,0,0
PORTO NACIONAL,6.0,75.0,0.0,0,0,0
TOCANTINOPOLIS,14.0,100.0,0.0,0,0,0
WANDERLANDIA,0.0,0.0,0.0,0,0,0
XAMBIOA,3.0,150.0,0.0,0,0,0
